environment,environment_id,method,method_key,comparison_role,seed_count,seeds,eval_episodes_mean,total_reward_mean,total_reward_std,total_reward_sem,total_reward_min,total_reward_max,safety_rate_mean,safety_rate_std,safety_rate_sem,safety_rate_min,safety_rate_max,success_rate_mean,source_root
Bridge Crossing v1,bridge_crossing,PPO,ppo_policy,reference_baseline,10,0 1 2 3 4 5 6 7 8 9,100.0,0.296,0.47672959957517963,0.15075513626776074,0.0,1.0,0.873,0.28150587126302634,0.0890199727901304,0.13,1.0,0.296,/vol/bitbucket/ma5923/_projects/CertifiedContinualLearning/outputs/_sweeps_2hidden_bridge_crossing_baselines_only/bridge_crossing
Bridge Crossing v1,bridge_crossing,PPO-Lagrangian,ppo_lagrangian,safe_rl_baseline,10,0 1 2 3 4 5 6 7 8 9,100.0,0.1,0.31622776601683794,0.09999999999999999,0.0,1.0,1.0,0.0,0.0,1.0,1.0,0.1,/vol/bitbucket/ma5923/_projects/CertifiedContinualLearning/outputs/_sweeps_2hidden_bridge_crossing_baselines_only/bridge_crossing
Bridge Crossing v1,bridge_crossing,PPO-PID-Lagrangian,ppo_pid_lagrangian,safe_rl_baseline,10,0 1 2 3 4 5 6 7 8 9,100.0,0.0,0.0,0.0,0.0,0.0,0.999,0.003162277660168382,0.0010000000000000009,0.99,1.0,0.0,/vol/bitbucket/ma5923/_projects/CertifiedContinualLearning/outputs/_sweeps_2hidden_bridge_crossing_baselines_only/bridge_crossing
Bridge Crossing v1,bridge_crossing,CPO,cpo,safe_rl_baseline,10,0 1 2 3 4 5 6 7 8 9,100.0,0.0,0.0,0.0,0.0,0.0,1.0,0.0,0.0,1.0,1.0,0.0,/vol/bitbucket/ma5923/_projects/CertifiedContinualLearning/outputs/_sweeps_2hidden_bridge_crossing_baselines_only/bridge_crossing
Bridge Crossing v1,bridge_crossing,PPO-Shield,ppo_shield_shielded,safe_rl_baseline,0,,nan,nan,0.0,0.0,nan,nan,nan,0.0,0.0,nan,nan,nan,/vol/bitbucket/ma5923/_projects/CertifiedContinualLearning/outputs/_sweeps_2hidden_bridge_crossing_baselines_only/bridge_crossing
Bridge Crossing v1,bridge_crossing,PPO-Shield-Nominal,ppo_shield_nominal,reference_baseline,0,,nan,nan,0.0,0.0,nan,nan,nan,0.0,0.0,nan,nan,nan,/vol/bitbucket/ma5923/_projects/CertifiedContinualLearning/outputs/_sweeps_2hidden_bridge_crossing_baselines_only/bridge_crossing
Bridge Crossing v2,bridge_crossing_v2,PPO,ppo_policy,reference_baseline,10,0 1 2 3 4 5 6 7 8 9,100.0,0.8800000000000001,0.30922843048824317,0.0977866157621902,0.0,0.98,0.9800000000000001,0.008164965809277268,0.0025819888974716134,0.97,1.0,0.8800000000000001,/vol/bitbucket/ma5923/_projects/CertifiedContinualLearning/outputs/_sweeps_2hidden_bridge_crossing_v2_baselines_only/bridge_crossing_v2
Bridge Crossing v2,bridge_crossing_v2,PPO-Lagrangian,ppo_lagrangian,safe_rl_baseline,10,0 1 2 3 4 5 6 7 8 9,100.0,0.394,0.5086845781031699,0.16086018774078312,0.0,1.0,0.994,0.009660917830792967,0.003055050463303896,0.98,1.0,0.394,/vol/bitbucket/ma5923/_projects/CertifiedContinualLearning/outputs/_sweeps_2hidden_bridge_crossing_v2_baselines_only/bridge_crossing_v2
Bridge Crossing v2,bridge_crossing_v2,PPO-PID-Lagrangian,ppo_pid_lagrangian,safe_rl_baseline,10,0 1 2 3 4 5 6 7 8 9,100.0,0.476,0.5068245368084611,0.1602719910374583,0.0,1.0,1.0,0.0,0.0,1.0,1.0,0.476,/vol/bitbucket/ma5923/_projects/CertifiedContinualLearning/outputs/_sweeps_2hidden_bridge_crossing_v2_baselines_only/bridge_crossing_v2
Bridge Crossing v2,bridge_crossing_v2,CPO,cpo,safe_rl_baseline,10,0 1 2 3 4 5 6 7 8 9,100.0,0.6980000000000001,0.4817053041019997,0.1523285921946369,0.0,1.0,0.998,0.006324555320336764,0.0020000000000000018,0.98,1.0,0.6980000000000001,/vol/bitbucket/ma5923/_projects/CertifiedContinualLearning/outputs/_sweeps_2hidden_bridge_crossing_v2_baselines_only/bridge_crossing_v2
Bridge Crossing v2,bridge_crossing_v2,PPO-Shield,ppo_shield_shielded,safe_rl_baseline,0,,nan,nan,0.0,0.0,nan,nan,nan,0.0,0.0,nan,nan,nan,/vol/bitbucket/ma5923/_projects/CertifiedContinualLearning/outputs/_sweeps_2hidden_bridge_crossing_v2_baselines_only/bridge_crossing_v2
Bridge Crossing v2,bridge_crossing_v2,PPO-Shield-Nominal,ppo_shield_nominal,reference_baseline,0,,nan,nan,0.0,0.0,nan,nan,nan,0.0,0.0,nan,nan,nan,/vol/bitbucket/ma5923/_projects/CertifiedContinualLearning/outputs/_sweeps_2hidden_bridge_crossing_v2_baselines_only/bridge_crossing_v2
Colour Bomb v1,colour_bomb,PPO,ppo_policy,reference_baseline,10,0 1 2 3 4 5 6 7 8 9,100.0,1.0,0.0,0.0,1.0,1.0,1.0,0.0,0.0,1.0,1.0,1.0,/vol/bitbucket/ma5923/_projects/CertifiedContinualLearning/outputs/_sweeps_2hidden_colour_bomb_baselines_only/colour_bomb
Colour Bomb v1,colour_bomb,PPO-Lagrangian,ppo_lagrangian,safe_rl_baseline,10,0 1 2 3 4 5 6 7 8 9,100.0,1.0,0.0,0.0,1.0,1.0,1.0,0.0,0.0,1.0,1.0,1.0,/vol/bitbucket/ma5923/_projects/CertifiedContinualLearning/outputs/_sweeps_2hidden_colour_bomb_baselines_only/colour_bomb
Colour Bomb v1,colour_bomb,PPO-PID-Lagrangian,ppo_pid_lagrangian,safe_rl_baseline,10,0 1 2 3 4 5 6 7 8 9,100.0,1.0,0.0,0.0,1.0,1.0,1.0,0.0,0.0,1.0,1.0,1.0,/vol/bitbucket/ma5923/_projects/CertifiedContinualLearning/outputs/_sweeps_2hidden_colour_bomb_baselines_only/colour_bomb
Colour Bomb v1,colour_bomb,CPO,cpo,safe_rl_baseline,10,0 1 2 3 4 5 6 7 8 9,100.0,1.0,0.0,0.0,1.0,1.0,1.0,0.0,0.0,1.0,1.0,1.0,/vol/bitbucket/ma5923/_projects/CertifiedContinualLearning/outputs/_sweeps_2hidden_colour_bomb_baselines_only/colour_bomb
Colour Bomb v1,colour_bomb,PPO-Shield,ppo_shield_shielded,safe_rl_baseline,0,,nan,nan,0.0,0.0,nan,nan,nan,0.0,0.0,nan,nan,nan,/vol/bitbucket/ma5923/_projects/CertifiedContinualLearning/outputs/_sweeps_2hidden_colour_bomb_baselines_only/colour_bomb
Colour Bomb v1,colour_bomb,PPO-Shield-Nominal,ppo_shield_nominal,reference_baseline,0,,nan,nan,0.0,0.0,nan,nan,nan,0.0,0.0,nan,nan,nan,/vol/bitbucket/ma5923/_projects/CertifiedContinualLearning/outputs/_sweeps_2hidden_colour_bomb_baselines_only/colour_bomb
Colour Bomb v2,colour_bomb_v2,PPO,ppo_policy,reference_baseline,10,0 1 2 3 4 5 6 7 8 9,100.0,36.387,0.8428529593654579,0.2665335084208194,35.13,38.0,0.0,0.0,0.0,0.0,0.0,1.0,/vol/bitbucket/ma5923/_projects/CertifiedContinualLearning/outputs/_sweeps_2hidden_colour_bomb_v2_baselines_only/colour_bomb_v2
Colour Bomb v2,colour_bomb_v2,PPO-Lagrangian,ppo_lagrangian,safe_rl_baseline,10,0 1 2 3 4 5 6 7 8 9,100.0,0.613,0.9005313246448824,0.28477300902063496,0.0,3.09,1.0,0.0,0.0,1.0,1.0,0.28700000000000003,/vol/bitbucket/ma5923/_projects/CertifiedContinualLearning/outputs/_sweeps_2hidden_colour_bomb_v2_baselines_only/colour_bomb_v2
Colour Bomb v2,colour_bomb_v2,PPO-PID-Lagrangian,ppo_pid_lagrangian,safe_rl_baseline,10,0 1 2 3 4 5 6 7 8 9,100.0,1.687,3.5709539652902587,1.1292347949927075,0.0,11.75,1.0,0.0,0.0,1.0,1.0,0.34500000000000003,/vol/bitbucket/ma5923/_projects/CertifiedContinualLearning/outputs/_sweeps_2hidden_colour_bomb_v2_baselines_only/colour_bomb_v2
Colour Bomb v2,colour_bomb_v2,CPO,cpo,safe_rl_baseline,10,0 1 2 3 4 5 6 7 8 9,100.0,0.10200000000000001,0.12890995996344803,0.04076490865656119,0.0,0.35,1.0,0.0,0.0,1.0,1.0,0.08499999999999999,/vol/bitbucket/ma5923/_projects/CertifiedContinualLearning/outputs/_sweeps_2hidden_colour_bomb_v2_baselines_only/colour_bomb_v2
Colour Bomb v2,colour_bomb_v2,PPO-Shield,ppo_shield_shielded,safe_rl_baseline,10,0 1 2 3 4 5 6 7 8 9,100.0,23.36,3.328930425493717,1.0527002316793599,13.95,25.18,1.0,0.0,0.0,1.0,1.0,0.9960000000000001,/vol/bitbucket/ma5923/_projects/CertifiedContinualLearning/outputs/_sweeps_2hidden_colour_bomb_v2_baselines_only/colour_bomb_v2
Colour Bomb v2,colour_bomb_v2,PPO-Shield-Nominal,ppo_shield_nominal,reference_baseline,10,0 1 2 3 4 5 6 7 8 9,100.0,23.36,3.328930425493717,1.0527002316793599,13.95,25.18,1.0,0.0,0.0,1.0,1.0,0.9960000000000001,/vol/bitbucket/ma5923/_projects/CertifiedContinualLearning/outputs/_sweeps_2hidden_colour_bomb_v2_baselines_only/colour_bomb_v2
Media Streaming,media_streaming,PPO,ppo_policy,reference_baseline,10,0 1 2 3 4 5 6 7 8 9,100.0,-0.04,0.12649110640673517,0.039999999999999994,-0.4,0.0,0.059,0.14270793795565667,0.04512821241258682,0.0,0.46,0.059,/vol/bitbucket/ma5923/_projects/CertifiedContinualLearning/outputs/_sweeps_2hidden_media_streaming_baselines_only/media_streaming
Media Streaming,media_streaming,PPO-Lagrangian,ppo_lagrangian,safe_rl_baseline,10,0 1 2 3 4 5 6 7 8 9,100.0,-3.624,1.2522175884760958,0.3959859705707878,-6.21,-2.07,1.0,0.0,0.0,1.0,1.0,1.0,/vol/bitbucket/ma5923/_projects/CertifiedContinualLearning/outputs/_sweeps_2hidden_media_streaming_baselines_only/media_streaming
Media Streaming,media_streaming,PPO-PID-Lagrangian,ppo_pid_lagrangian,safe_rl_baseline,10,0 1 2 3 4 5 6 7 8 9,100.0,-4.207,1.1282932046039964,0.3567976395039008,-6.14,-2.32,1.0,0.0,0.0,1.0,1.0,1.0,/vol/bitbucket/ma5923/_projects/CertifiedContinualLearning/outputs/_sweeps_2hidden_media_streaming_baselines_only/media_streaming
Media Streaming,media_streaming,CPO,cpo,safe_rl_baseline,10,0 1 2 3 4 5 6 7 8 9,100.0,-24.169999999999998,0.03972125095937636,0.012560962454277767,-24.24,-24.13,1.0,0.0,0.0,1.0,1.0,1.0,/vol/bitbucket/ma5923/_projects/CertifiedContinualLearning/outputs/_sweeps_2hidden_media_streaming_baselines_only/media_streaming
Media Streaming,media_streaming,PPO-Shield,ppo_shield_shielded,safe_rl_baseline,0,,nan,nan,0.0,0.0,nan,nan,nan,0.0,0.0,nan,nan,nan,/vol/bitbucket/ma5923/_projects/CertifiedContinualLearning/outputs/_sweeps_2hidden_media_streaming_baselines_only/media_streaming
Media Streaming,media_streaming,PPO-Shield-Nominal,ppo_shield_nominal,reference_baseline,0,,nan,nan,0.0,0.0,nan,nan,nan,0.0,0.0,nan,nan,nan,/vol/bitbucket/ma5923/_projects/CertifiedContinualLearning/outputs/_sweeps_2hidden_media_streaming_baselines_only/media_streaming
MiniPacman,minipacman,PPO,ppo_policy,reference_baseline,10,0 1 2 3 4 5 6 7 8 9,100.0,0.924,0.05015531433014407,0.015860503004493758,0.84,1.0,0.217,0.1085305896459099,0.03432038590821625,0.11,0.47,0.924,/vol/bitbucket/ma5923/_projects/CertifiedContinualLearning/outputs/_sweeps_2hidden_minipacman_baselines_only/paper_2503_07671_minipacman
MiniPacman,minipacman,PPO-Lagrangian,ppo_lagrangian,safe_rl_baseline,10,0 1 2 3 4 5 6 7 8 9,100.0,0.592,0.11773793875477107,0.03723200534784854,0.43,0.75,0.9720000000000001,0.026583202716502514,0.008406346808612327,0.92,1.0,0.592,/vol/bitbucket/ma5923/_projects/CertifiedContinualLearning/outputs/_sweeps_2hidden_minipacman_baselines_only/paper_2503_07671_minipacman
MiniPacman,minipacman,PPO-PID-Lagrangian,ppo_pid_lagrangian,safe_rl_baseline,10,0 1 2 3 4 5 6 7 8 9,100.0,0.584,0.14167254889748793,0.04480079364376384,0.37,0.87,0.975,0.03439961240091714,0.010878112581387142,0.92,1.0,0.584,/vol/bitbucket/ma5923/_projects/CertifiedContinualLearning/outputs/_sweeps_2hidden_minipacman_baselines_only/paper_2503_07671_minipacman
MiniPacman,minipacman,CPO,cpo,safe_rl_baseline,10,0 1 2 3 4 5 6 7 8 9,100.0,0.005,0.010801234497346433,0.0034156502553198656,0.0,0.03,0.998,0.006324555320336764,0.0020000000000000018,0.98,1.0,0.005,/vol/bitbucket/ma5923/_projects/CertifiedContinualLearning/outputs/_sweeps_2hidden_minipacman_baselines_only/paper_2503_07671_minipacman
MiniPacman,minipacman,PPO-Shield,ppo_shield_shielded,safe_rl_baseline,10,0 1 2 3 4 5 6 7 8 9,100.0,0.9470000000000001,0.08097324661063472,0.02560598888281151,0.73,1.0,1.0,0.0,0.0,1.0,1.0,0.9470000000000001,/vol/bitbucket/ma5923/_projects/CertifiedContinualLearning/outputs/_sweeps_2hidden_minipacman_baselines_only/paper_2503_07671_minipacman
MiniPacman,minipacman,PPO-Shield-Nominal,ppo_shield_nominal,reference_baseline,10,0 1 2 3 4 5 6 7 8 9,100.0,0.735,0.11345581616745004,0.035877879288249766,0.46,0.84,0.449,0.12251530516633423,0.038742741255621035,0.25,0.68,0.735,/vol/bitbucket/ma5923/_projects/CertifiedContinualLearning/outputs/_sweeps_2hidden_minipacman_baselines_only/paper_2503_07671_minipacman
