environment,environment_id,method,method_key,comparison_role,seed,eval_episodes,total_reward,safety_rate,success_rate,violation_count,mean_episode_cost,source_metrics_json
Bridge Crossing v1,bridge_crossing,PPO,ppo_policy,reference_baseline,0,100,0.0,0.13,0.0,87,0.87,/vol/bitbucket/ma5923/_projects/CertifiedContinualLearning/outputs/_sweeps_2hidden_bridge_crossing_baselines_only/bridge_crossing/seed0/ppo_policy/metrics.json
Bridge Crossing v1,bridge_crossing,PPO-Lagrangian,ppo_lagrangian,safe_rl_baseline,0,100,0.0,1.0,0.0,0,0.0,/vol/bitbucket/ma5923/_projects/CertifiedContinualLearning/outputs/_sweeps_2hidden_bridge_crossing_baselines_only/bridge_crossing/seed0/ppo_lagrangian/metrics.json
Bridge Crossing v1,bridge_crossing,PPO-PID-Lagrangian,ppo_pid_lagrangian,safe_rl_baseline,0,100,0.0,0.99,0.0,1,0.01,/vol/bitbucket/ma5923/_projects/CertifiedContinualLearning/outputs/_sweeps_2hidden_bridge_crossing_baselines_only/bridge_crossing/seed0/ppo_lagrangian/metrics.json
Bridge Crossing v1,bridge_crossing,CPO,cpo,safe_rl_baseline,0,100,0.0,1.0,0.0,0,0.0,/vol/bitbucket/ma5923/_projects/CertifiedContinualLearning/outputs/_sweeps_2hidden_bridge_crossing_baselines_only/bridge_crossing/seed0/cpo/metrics.json
Bridge Crossing v1,bridge_crossing,PPO,ppo_policy,reference_baseline,1,100,0.0,1.0,0.0,0,0.0,/vol/bitbucket/ma5923/_projects/CertifiedContinualLearning/outputs/_sweeps_2hidden_bridge_crossing_baselines_only/bridge_crossing/seed1/ppo_policy/metrics.json
Bridge Crossing v1,bridge_crossing,PPO-Lagrangian,ppo_lagrangian,safe_rl_baseline,1,100,0.0,1.0,0.0,0,0.0,/vol/bitbucket/ma5923/_projects/CertifiedContinualLearning/outputs/_sweeps_2hidden_bridge_crossing_baselines_only/bridge_crossing/seed1/ppo_lagrangian/metrics.json
Bridge Crossing v1,bridge_crossing,PPO-PID-Lagrangian,ppo_pid_lagrangian,safe_rl_baseline,1,100,0.0,1.0,0.0,0,0.0,/vol/bitbucket/ma5923/_projects/CertifiedContinualLearning/outputs/_sweeps_2hidden_bridge_crossing_baselines_only/bridge_crossing/seed1/ppo_lagrangian/metrics.json
Bridge Crossing v1,bridge_crossing,CPO,cpo,safe_rl_baseline,1,100,0.0,1.0,0.0,0,0.0,/vol/bitbucket/ma5923/_projects/CertifiedContinualLearning/outputs/_sweeps_2hidden_bridge_crossing_baselines_only/bridge_crossing/seed1/cpo/metrics.json
Bridge Crossing v1,bridge_crossing,PPO,ppo_policy,reference_baseline,2,100,0.0,1.0,0.0,0,0.0,/vol/bitbucket/ma5923/_projects/CertifiedContinualLearning/outputs/_sweeps_2hidden_bridge_crossing_baselines_only/bridge_crossing/seed2/ppo_policy/metrics.json
Bridge Crossing v1,bridge_crossing,PPO-Lagrangian,ppo_lagrangian,safe_rl_baseline,2,100,0.0,1.0,0.0,0,0.0,/vol/bitbucket/ma5923/_projects/CertifiedContinualLearning/outputs/_sweeps_2hidden_bridge_crossing_baselines_only/bridge_crossing/seed2/ppo_lagrangian/metrics.json
Bridge Crossing v1,bridge_crossing,PPO-PID-Lagrangian,ppo_pid_lagrangian,safe_rl_baseline,2,100,0.0,1.0,0.0,0,0.0,/vol/bitbucket/ma5923/_projects/CertifiedContinualLearning/outputs/_sweeps_2hidden_bridge_crossing_baselines_only/bridge_crossing/seed2/ppo_lagrangian/metrics.json
Bridge Crossing v1,bridge_crossing,CPO,cpo,safe_rl_baseline,2,100,0.0,1.0,0.0,0,0.0,/vol/bitbucket/ma5923/_projects/CertifiedContinualLearning/outputs/_sweeps_2hidden_bridge_crossing_baselines_only/bridge_crossing/seed2/cpo/metrics.json
Bridge Crossing v1,bridge_crossing,PPO,ppo_policy,reference_baseline,3,100,1.0,1.0,1.0,0,0.0,/vol/bitbucket/ma5923/_projects/CertifiedContinualLearning/outputs/_sweeps_2hidden_bridge_crossing_baselines_only/bridge_crossing/seed3/ppo_policy/metrics.json
Bridge Crossing v1,bridge_crossing,PPO-Lagrangian,ppo_lagrangian,safe_rl_baseline,3,100,1.0,1.0,1.0,0,0.0,/vol/bitbucket/ma5923/_projects/CertifiedContinualLearning/outputs/_sweeps_2hidden_bridge_crossing_baselines_only/bridge_crossing/seed3/ppo_lagrangian/metrics.json
Bridge Crossing v1,bridge_crossing,PPO-PID-Lagrangian,ppo_pid_lagrangian,safe_rl_baseline,3,100,0.0,1.0,0.0,0,0.0,/vol/bitbucket/ma5923/_projects/CertifiedContinualLearning/outputs/_sweeps_2hidden_bridge_crossing_baselines_only/bridge_crossing/seed3/ppo_lagrangian/metrics.json
Bridge Crossing v1,bridge_crossing,CPO,cpo,safe_rl_baseline,3,100,0.0,1.0,0.0,0,0.0,/vol/bitbucket/ma5923/_projects/CertifiedContinualLearning/outputs/_sweeps_2hidden_bridge_crossing_baselines_only/bridge_crossing/seed3/cpo/metrics.json
Bridge Crossing v1,bridge_crossing,PPO,ppo_policy,reference_baseline,4,100,0.96,0.96,0.96,4,0.04,/vol/bitbucket/ma5923/_projects/CertifiedContinualLearning/outputs/_sweeps_2hidden_bridge_crossing_baselines_only/bridge_crossing/seed4/ppo_policy/metrics.json
Bridge Crossing v1,bridge_crossing,PPO-Lagrangian,ppo_lagrangian,safe_rl_baseline,4,100,0.0,1.0,0.0,0,0.0,/vol/bitbucket/ma5923/_projects/CertifiedContinualLearning/outputs/_sweeps_2hidden_bridge_crossing_baselines_only/bridge_crossing/seed4/ppo_lagrangian/metrics.json
Bridge Crossing v1,bridge_crossing,PPO-PID-Lagrangian,ppo_pid_lagrangian,safe_rl_baseline,4,100,0.0,1.0,0.0,0,0.0,/vol/bitbucket/ma5923/_projects/CertifiedContinualLearning/outputs/_sweeps_2hidden_bridge_crossing_baselines_only/bridge_crossing/seed4/ppo_lagrangian/metrics.json
Bridge Crossing v1,bridge_crossing,CPO,cpo,safe_rl_baseline,4,100,0.0,1.0,0.0,0,0.0,/vol/bitbucket/ma5923/_projects/CertifiedContinualLearning/outputs/_sweeps_2hidden_bridge_crossing_baselines_only/bridge_crossing/seed4/cpo/metrics.json
Bridge Crossing v1,bridge_crossing,PPO,ppo_policy,reference_baseline,5,100,0.0,1.0,0.0,0,0.0,/vol/bitbucket/ma5923/_projects/CertifiedContinualLearning/outputs/_sweeps_2hidden_bridge_crossing_baselines_only/bridge_crossing/seed5/ppo_policy/metrics.json
Bridge Crossing v1,bridge_crossing,PPO-Lagrangian,ppo_lagrangian,safe_rl_baseline,5,100,0.0,1.0,0.0,0,0.0,/vol/bitbucket/ma5923/_projects/CertifiedContinualLearning/outputs/_sweeps_2hidden_bridge_crossing_baselines_only/bridge_crossing/seed5/ppo_lagrangian/metrics.json
Bridge Crossing v1,bridge_crossing,PPO-PID-Lagrangian,ppo_pid_lagrangian,safe_rl_baseline,5,100,0.0,1.0,0.0,0,0.0,/vol/bitbucket/ma5923/_projects/CertifiedContinualLearning/outputs/_sweeps_2hidden_bridge_crossing_baselines_only/bridge_crossing/seed5/ppo_lagrangian/metrics.json
Bridge Crossing v1,bridge_crossing,CPO,cpo,safe_rl_baseline,5,100,0.0,1.0,0.0,0,0.0,/vol/bitbucket/ma5923/_projects/CertifiedContinualLearning/outputs/_sweeps_2hidden_bridge_crossing_baselines_only/bridge_crossing/seed5/cpo/metrics.json
Bridge Crossing v1,bridge_crossing,PPO,ppo_policy,reference_baseline,6,100,0.0,1.0,0.0,0,0.0,/vol/bitbucket/ma5923/_projects/CertifiedContinualLearning/outputs/_sweeps_2hidden_bridge_crossing_baselines_only/bridge_crossing/seed6/ppo_policy/metrics.json
Bridge Crossing v1,bridge_crossing,PPO-Lagrangian,ppo_lagrangian,safe_rl_baseline,6,100,0.0,1.0,0.0,0,0.0,/vol/bitbucket/ma5923/_projects/CertifiedContinualLearning/outputs/_sweeps_2hidden_bridge_crossing_baselines_only/bridge_crossing/seed6/ppo_lagrangian/metrics.json
Bridge Crossing v1,bridge_crossing,PPO-PID-Lagrangian,ppo_pid_lagrangian,safe_rl_baseline,6,100,0.0,1.0,0.0,0,0.0,/vol/bitbucket/ma5923/_projects/CertifiedContinualLearning/outputs/_sweeps_2hidden_bridge_crossing_baselines_only/bridge_crossing/seed6/ppo_lagrangian/metrics.json
Bridge Crossing v1,bridge_crossing,CPO,cpo,safe_rl_baseline,6,100,0.0,1.0,0.0,0,0.0,/vol/bitbucket/ma5923/_projects/CertifiedContinualLearning/outputs/_sweeps_2hidden_bridge_crossing_baselines_only/bridge_crossing/seed6/cpo/metrics.json
Bridge Crossing v1,bridge_crossing,PPO,ppo_policy,reference_baseline,7,100,0.0,0.98,0.0,2,0.02,/vol/bitbucket/ma5923/_projects/CertifiedContinualLearning/outputs/_sweeps_2hidden_bridge_crossing_baselines_only/bridge_crossing/seed7/ppo_policy/metrics.json
Bridge Crossing v1,bridge_crossing,PPO-Lagrangian,ppo_lagrangian,safe_rl_baseline,7,100,0.0,1.0,0.0,0,0.0,/vol/bitbucket/ma5923/_projects/CertifiedContinualLearning/outputs/_sweeps_2hidden_bridge_crossing_baselines_only/bridge_crossing/seed7/ppo_lagrangian/metrics.json
Bridge Crossing v1,bridge_crossing,PPO-PID-Lagrangian,ppo_pid_lagrangian,safe_rl_baseline,7,100,0.0,1.0,0.0,0,0.0,/vol/bitbucket/ma5923/_projects/CertifiedContinualLearning/outputs/_sweeps_2hidden_bridge_crossing_baselines_only/bridge_crossing/seed7/ppo_lagrangian/metrics.json
Bridge Crossing v1,bridge_crossing,CPO,cpo,safe_rl_baseline,7,100,0.0,1.0,0.0,0,0.0,/vol/bitbucket/ma5923/_projects/CertifiedContinualLearning/outputs/_sweeps_2hidden_bridge_crossing_baselines_only/bridge_crossing/seed7/cpo/metrics.json
Bridge Crossing v1,bridge_crossing,PPO,ppo_policy,reference_baseline,8,100,1.0,1.0,1.0,0,0.0,/vol/bitbucket/ma5923/_projects/CertifiedContinualLearning/outputs/_sweeps_2hidden_bridge_crossing_baselines_only/bridge_crossing/seed8/ppo_policy/metrics.json
Bridge Crossing v1,bridge_crossing,PPO-Lagrangian,ppo_lagrangian,safe_rl_baseline,8,100,0.0,1.0,0.0,0,0.0,/vol/bitbucket/ma5923/_projects/CertifiedContinualLearning/outputs/_sweeps_2hidden_bridge_crossing_baselines_only/bridge_crossing/seed8/ppo_lagrangian/metrics.json
Bridge Crossing v1,bridge_crossing,PPO-PID-Lagrangian,ppo_pid_lagrangian,safe_rl_baseline,8,100,0.0,1.0,0.0,0,0.0,/vol/bitbucket/ma5923/_projects/CertifiedContinualLearning/outputs/_sweeps_2hidden_bridge_crossing_baselines_only/bridge_crossing/seed8/ppo_lagrangian/metrics.json
Bridge Crossing v1,bridge_crossing,CPO,cpo,safe_rl_baseline,8,100,0.0,1.0,0.0,0,0.0,/vol/bitbucket/ma5923/_projects/CertifiedContinualLearning/outputs/_sweeps_2hidden_bridge_crossing_baselines_only/bridge_crossing/seed8/cpo/metrics.json
Bridge Crossing v1,bridge_crossing,PPO,ppo_policy,reference_baseline,9,100,0.0,0.66,0.0,34,0.34,/vol/bitbucket/ma5923/_projects/CertifiedContinualLearning/outputs/_sweeps_2hidden_bridge_crossing_baselines_only/bridge_crossing/seed9/ppo_policy/metrics.json
Bridge Crossing v1,bridge_crossing,PPO-Lagrangian,ppo_lagrangian,safe_rl_baseline,9,100,0.0,1.0,0.0,0,0.0,/vol/bitbucket/ma5923/_projects/CertifiedContinualLearning/outputs/_sweeps_2hidden_bridge_crossing_baselines_only/bridge_crossing/seed9/ppo_lagrangian/metrics.json
Bridge Crossing v1,bridge_crossing,PPO-PID-Lagrangian,ppo_pid_lagrangian,safe_rl_baseline,9,100,0.0,1.0,0.0,0,0.0,/vol/bitbucket/ma5923/_projects/CertifiedContinualLearning/outputs/_sweeps_2hidden_bridge_crossing_baselines_only/bridge_crossing/seed9/ppo_lagrangian/metrics.json
Bridge Crossing v1,bridge_crossing,CPO,cpo,safe_rl_baseline,9,100,0.0,1.0,0.0,0,0.0,/vol/bitbucket/ma5923/_projects/CertifiedContinualLearning/outputs/_sweeps_2hidden_bridge_crossing_baselines_only/bridge_crossing/seed9/cpo/metrics.json
Bridge Crossing v2,bridge_crossing_v2,PPO,ppo_policy,reference_baseline,0,100,0.98,0.98,0.98,2,0.02,/vol/bitbucket/ma5923/_projects/CertifiedContinualLearning/outputs/_sweeps_2hidden_bridge_crossing_v2_baselines_only/bridge_crossing_v2/seed0/ppo_policy/metrics.json
Bridge Crossing v2,bridge_crossing_v2,PPO-Lagrangian,ppo_lagrangian,safe_rl_baseline,0,100,1.0,1.0,1.0,0,0.0,/vol/bitbucket/ma5923/_projects/CertifiedContinualLearning/outputs/_sweeps_2hidden_bridge_crossing_v2_baselines_only/bridge_crossing_v2/seed0/ppo_lagrangian/metrics.json
Bridge Crossing v2,bridge_crossing_v2,PPO-PID-Lagrangian,ppo_pid_lagrangian,safe_rl_baseline,0,100,0.0,1.0,0.0,0,0.0,/vol/bitbucket/ma5923/_projects/CertifiedContinualLearning/outputs/_sweeps_2hidden_bridge_crossing_v2_baselines_only/bridge_crossing_v2/seed0/ppo_lagrangian/metrics.json
Bridge Crossing v2,bridge_crossing_v2,CPO,cpo,safe_rl_baseline,0,100,0.0,1.0,0.0,0,0.0,/vol/bitbucket/ma5923/_projects/CertifiedContinualLearning/outputs/_sweeps_2hidden_bridge_crossing_v2_baselines_only/bridge_crossing_v2/seed0/cpo/metrics.json
Bridge Crossing v2,bridge_crossing_v2,PPO,ppo_policy,reference_baseline,1,100,0.98,0.98,0.98,2,0.02,/vol/bitbucket/ma5923/_projects/CertifiedContinualLearning/outputs/_sweeps_2hidden_bridge_crossing_v2_baselines_only/bridge_crossing_v2/seed1/ppo_policy/metrics.json
Bridge Crossing v2,bridge_crossing_v2,PPO-Lagrangian,ppo_lagrangian,safe_rl_baseline,1,100,0.0,1.0,0.0,0,0.0,/vol/bitbucket/ma5923/_projects/CertifiedContinualLearning/outputs/_sweeps_2hidden_bridge_crossing_v2_baselines_only/bridge_crossing_v2/seed1/ppo_lagrangian/metrics.json
Bridge Crossing v2,bridge_crossing_v2,PPO-PID-Lagrangian,ppo_pid_lagrangian,safe_rl_baseline,1,100,0.76,1.0,0.76,0,0.0,/vol/bitbucket/ma5923/_projects/CertifiedContinualLearning/outputs/_sweeps_2hidden_bridge_crossing_v2_baselines_only/bridge_crossing_v2/seed1/ppo_lagrangian/metrics.json
Bridge Crossing v2,bridge_crossing_v2,CPO,cpo,safe_rl_baseline,1,100,1.0,1.0,1.0,0,0.0,/vol/bitbucket/ma5923/_projects/CertifiedContinualLearning/outputs/_sweeps_2hidden_bridge_crossing_v2_baselines_only/bridge_crossing_v2/seed1/cpo/metrics.json
Bridge Crossing v2,bridge_crossing_v2,PPO,ppo_policy,reference_baseline,2,100,0.98,0.98,0.98,2,0.02,/vol/bitbucket/ma5923/_projects/CertifiedContinualLearning/outputs/_sweeps_2hidden_bridge_crossing_v2_baselines_only/bridge_crossing_v2/seed2/ppo_policy/metrics.json
Bridge Crossing v2,bridge_crossing_v2,PPO-Lagrangian,ppo_lagrangian,safe_rl_baseline,2,100,0.0,1.0,0.0,0,0.0,/vol/bitbucket/ma5923/_projects/CertifiedContinualLearning/outputs/_sweeps_2hidden_bridge_crossing_v2_baselines_only/bridge_crossing_v2/seed2/ppo_lagrangian/metrics.json
Bridge Crossing v2,bridge_crossing_v2,PPO-PID-Lagrangian,ppo_pid_lagrangian,safe_rl_baseline,2,100,1.0,1.0,1.0,0,0.0,/vol/bitbucket/ma5923/_projects/CertifiedContinualLearning/outputs/_sweeps_2hidden_bridge_crossing_v2_baselines_only/bridge_crossing_v2/seed2/ppo_lagrangian/metrics.json
Bridge Crossing v2,bridge_crossing_v2,CPO,cpo,safe_rl_baseline,2,100,0.0,1.0,0.0,0,0.0,/vol/bitbucket/ma5923/_projects/CertifiedContinualLearning/outputs/_sweeps_2hidden_bridge_crossing_v2_baselines_only/bridge_crossing_v2/seed2/cpo/metrics.json
Bridge Crossing v2,bridge_crossing_v2,PPO,ppo_policy,reference_baseline,3,100,0.98,0.98,0.98,2,0.02,/vol/bitbucket/ma5923/_projects/CertifiedContinualLearning/outputs/_sweeps_2hidden_bridge_crossing_v2_baselines_only/bridge_crossing_v2/seed3/ppo_policy/metrics.json
Bridge Crossing v2,bridge_crossing_v2,PPO-Lagrangian,ppo_lagrangian,safe_rl_baseline,3,100,0.98,0.98,0.98,2,0.02,/vol/bitbucket/ma5923/_projects/CertifiedContinualLearning/outputs/_sweeps_2hidden_bridge_crossing_v2_baselines_only/bridge_crossing_v2/seed3/ppo_lagrangian/metrics.json
Bridge Crossing v2,bridge_crossing_v2,PPO-PID-Lagrangian,ppo_pid_lagrangian,safe_rl_baseline,3,100,1.0,1.0,1.0,0,0.0,/vol/bitbucket/ma5923/_projects/CertifiedContinualLearning/outputs/_sweeps_2hidden_bridge_crossing_v2_baselines_only/bridge_crossing_v2/seed3/ppo_lagrangian/metrics.json
Bridge Crossing v2,bridge_crossing_v2,CPO,cpo,safe_rl_baseline,3,100,1.0,1.0,1.0,0,0.0,/vol/bitbucket/ma5923/_projects/CertifiedContinualLearning/outputs/_sweeps_2hidden_bridge_crossing_v2_baselines_only/bridge_crossing_v2/seed3/cpo/metrics.json
Bridge Crossing v2,bridge_crossing_v2,PPO,ppo_policy,reference_baseline,4,100,0.98,0.98,0.98,2,0.02,/vol/bitbucket/ma5923/_projects/CertifiedContinualLearning/outputs/_sweeps_2hidden_bridge_crossing_v2_baselines_only/bridge_crossing_v2/seed4/ppo_policy/metrics.json
Bridge Crossing v2,bridge_crossing_v2,PPO-Lagrangian,ppo_lagrangian,safe_rl_baseline,4,100,0.98,0.98,0.98,2,0.02,/vol/bitbucket/ma5923/_projects/CertifiedContinualLearning/outputs/_sweeps_2hidden_bridge_crossing_v2_baselines_only/bridge_crossing_v2/seed4/ppo_lagrangian/metrics.json
Bridge Crossing v2,bridge_crossing_v2,PPO-PID-Lagrangian,ppo_pid_lagrangian,safe_rl_baseline,4,100,0.0,1.0,0.0,0,0.0,/vol/bitbucket/ma5923/_projects/CertifiedContinualLearning/outputs/_sweeps_2hidden_bridge_crossing_v2_baselines_only/bridge_crossing_v2/seed4/ppo_lagrangian/metrics.json
Bridge Crossing v2,bridge_crossing_v2,CPO,cpo,safe_rl_baseline,4,100,1.0,1.0,1.0,0,0.0,/vol/bitbucket/ma5923/_projects/CertifiedContinualLearning/outputs/_sweeps_2hidden_bridge_crossing_v2_baselines_only/bridge_crossing_v2/seed4/cpo/metrics.json
Bridge Crossing v2,bridge_crossing_v2,PPO,ppo_policy,reference_baseline,5,100,0.0,1.0,0.0,0,0.0,/vol/bitbucket/ma5923/_projects/CertifiedContinualLearning/outputs/_sweeps_2hidden_bridge_crossing_v2_baselines_only/bridge_crossing_v2/seed5/ppo_policy/metrics.json
Bridge Crossing v2,bridge_crossing_v2,PPO-Lagrangian,ppo_lagrangian,safe_rl_baseline,5,100,0.0,1.0,0.0,0,0.0,/vol/bitbucket/ma5923/_projects/CertifiedContinualLearning/outputs/_sweeps_2hidden_bridge_crossing_v2_baselines_only/bridge_crossing_v2/seed5/ppo_lagrangian/metrics.json
Bridge Crossing v2,bridge_crossing_v2,PPO-PID-Lagrangian,ppo_pid_lagrangian,safe_rl_baseline,5,100,1.0,1.0,1.0,0,0.0,/vol/bitbucket/ma5923/_projects/CertifiedContinualLearning/outputs/_sweeps_2hidden_bridge_crossing_v2_baselines_only/bridge_crossing_v2/seed5/ppo_lagrangian/metrics.json
Bridge Crossing v2,bridge_crossing_v2,CPO,cpo,safe_rl_baseline,5,100,1.0,1.0,1.0,0,0.0,/vol/bitbucket/ma5923/_projects/CertifiedContinualLearning/outputs/_sweeps_2hidden_bridge_crossing_v2_baselines_only/bridge_crossing_v2/seed5/cpo/metrics.json
Bridge Crossing v2,bridge_crossing_v2,PPO,ppo_policy,reference_baseline,6,100,0.97,0.97,0.97,3,0.03,/vol/bitbucket/ma5923/_projects/CertifiedContinualLearning/outputs/_sweeps_2hidden_bridge_crossing_v2_baselines_only/bridge_crossing_v2/seed6/ppo_policy/metrics.json
Bridge Crossing v2,bridge_crossing_v2,PPO-Lagrangian,ppo_lagrangian,safe_rl_baseline,6,100,0.98,0.98,0.98,2,0.02,/vol/bitbucket/ma5923/_projects/CertifiedContinualLearning/outputs/_sweeps_2hidden_bridge_crossing_v2_baselines_only/bridge_crossing_v2/seed6/ppo_lagrangian/metrics.json
Bridge Crossing v2,bridge_crossing_v2,PPO-PID-Lagrangian,ppo_pid_lagrangian,safe_rl_baseline,6,100,0.0,1.0,0.0,0,0.0,/vol/bitbucket/ma5923/_projects/CertifiedContinualLearning/outputs/_sweeps_2hidden_bridge_crossing_v2_baselines_only/bridge_crossing_v2/seed6/ppo_lagrangian/metrics.json
Bridge Crossing v2,bridge_crossing_v2,CPO,cpo,safe_rl_baseline,6,100,0.98,0.98,0.98,2,0.02,/vol/bitbucket/ma5923/_projects/CertifiedContinualLearning/outputs/_sweeps_2hidden_bridge_crossing_v2_baselines_only/bridge_crossing_v2/seed6/cpo/metrics.json
Bridge Crossing v2,bridge_crossing_v2,PPO,ppo_policy,reference_baseline,7,100,0.98,0.98,0.98,2,0.02,/vol/bitbucket/ma5923/_projects/CertifiedContinualLearning/outputs/_sweeps_2hidden_bridge_crossing_v2_baselines_only/bridge_crossing_v2/seed7/ppo_policy/metrics.json
Bridge Crossing v2,bridge_crossing_v2,PPO-Lagrangian,ppo_lagrangian,safe_rl_baseline,7,100,0.0,1.0,0.0,0,0.0,/vol/bitbucket/ma5923/_projects/CertifiedContinualLearning/outputs/_sweeps_2hidden_bridge_crossing_v2_baselines_only/bridge_crossing_v2/seed7/ppo_lagrangian/metrics.json
Bridge Crossing v2,bridge_crossing_v2,PPO-PID-Lagrangian,ppo_pid_lagrangian,safe_rl_baseline,7,100,0.0,1.0,0.0,0,0.0,/vol/bitbucket/ma5923/_projects/CertifiedContinualLearning/outputs/_sweeps_2hidden_bridge_crossing_v2_baselines_only/bridge_crossing_v2/seed7/ppo_lagrangian/metrics.json
Bridge Crossing v2,bridge_crossing_v2,CPO,cpo,safe_rl_baseline,7,100,0.0,1.0,0.0,0,0.0,/vol/bitbucket/ma5923/_projects/CertifiedContinualLearning/outputs/_sweeps_2hidden_bridge_crossing_v2_baselines_only/bridge_crossing_v2/seed7/cpo/metrics.json
Bridge Crossing v2,bridge_crossing_v2,PPO,ppo_policy,reference_baseline,8,100,0.97,0.97,0.97,3,0.03,/vol/bitbucket/ma5923/_projects/CertifiedContinualLearning/outputs/_sweeps_2hidden_bridge_crossing_v2_baselines_only/bridge_crossing_v2/seed8/ppo_policy/metrics.json
Bridge Crossing v2,bridge_crossing_v2,PPO-Lagrangian,ppo_lagrangian,safe_rl_baseline,8,100,0.0,1.0,0.0,0,0.0,/vol/bitbucket/ma5923/_projects/CertifiedContinualLearning/outputs/_sweeps_2hidden_bridge_crossing_v2_baselines_only/bridge_crossing_v2/seed8/ppo_lagrangian/metrics.json
Bridge Crossing v2,bridge_crossing_v2,PPO-PID-Lagrangian,ppo_pid_lagrangian,safe_rl_baseline,8,100,1.0,1.0,1.0,0,0.0,/vol/bitbucket/ma5923/_projects/CertifiedContinualLearning/outputs/_sweeps_2hidden_bridge_crossing_v2_baselines_only/bridge_crossing_v2/seed8/ppo_lagrangian/metrics.json
Bridge Crossing v2,bridge_crossing_v2,CPO,cpo,safe_rl_baseline,8,100,1.0,1.0,1.0,0,0.0,/vol/bitbucket/ma5923/_projects/CertifiedContinualLearning/outputs/_sweeps_2hidden_bridge_crossing_v2_baselines_only/bridge_crossing_v2/seed8/cpo/metrics.json
Bridge Crossing v2,bridge_crossing_v2,PPO,ppo_policy,reference_baseline,9,100,0.98,0.98,0.98,2,0.02,/vol/bitbucket/ma5923/_projects/CertifiedContinualLearning/outputs/_sweeps_2hidden_bridge_crossing_v2_baselines_only/bridge_crossing_v2/seed9/ppo_policy/metrics.json
Bridge Crossing v2,bridge_crossing_v2,PPO-Lagrangian,ppo_lagrangian,safe_rl_baseline,9,100,0.0,1.0,0.0,0,0.0,/vol/bitbucket/ma5923/_projects/CertifiedContinualLearning/outputs/_sweeps_2hidden_bridge_crossing_v2_baselines_only/bridge_crossing_v2/seed9/ppo_lagrangian/metrics.json
Bridge Crossing v2,bridge_crossing_v2,PPO-PID-Lagrangian,ppo_pid_lagrangian,safe_rl_baseline,9,100,0.0,1.0,0.0,0,0.0,/vol/bitbucket/ma5923/_projects/CertifiedContinualLearning/outputs/_sweeps_2hidden_bridge_crossing_v2_baselines_only/bridge_crossing_v2/seed9/ppo_lagrangian/metrics.json
Bridge Crossing v2,bridge_crossing_v2,CPO,cpo,safe_rl_baseline,9,100,1.0,1.0,1.0,0,0.0,/vol/bitbucket/ma5923/_projects/CertifiedContinualLearning/outputs/_sweeps_2hidden_bridge_crossing_v2_baselines_only/bridge_crossing_v2/seed9/cpo/metrics.json
Colour Bomb v1,colour_bomb,PPO,ppo_policy,reference_baseline,0,100,1.0,1.0,1.0,0,0.0,/vol/bitbucket/ma5923/_projects/CertifiedContinualLearning/outputs/_sweeps_2hidden_colour_bomb_baselines_only/colour_bomb/seed0/ppo_policy/metrics.json
Colour Bomb v1,colour_bomb,PPO-Lagrangian,ppo_lagrangian,safe_rl_baseline,0,100,1.0,1.0,1.0,0,0.0,/vol/bitbucket/ma5923/_projects/CertifiedContinualLearning/outputs/_sweeps_2hidden_colour_bomb_baselines_only/colour_bomb/seed0/ppo_lagrangian/metrics.json
Colour Bomb v1,colour_bomb,PPO-PID-Lagrangian,ppo_pid_lagrangian,safe_rl_baseline,0,100,1.0,1.0,1.0,0,0.0,/vol/bitbucket/ma5923/_projects/CertifiedContinualLearning/outputs/_sweeps_2hidden_colour_bomb_baselines_only/colour_bomb/seed0/ppo_lagrangian/metrics.json
Colour Bomb v1,colour_bomb,CPO,cpo,safe_rl_baseline,0,100,1.0,1.0,1.0,0,0.0,/vol/bitbucket/ma5923/_projects/CertifiedContinualLearning/outputs/_sweeps_2hidden_colour_bomb_baselines_only/colour_bomb/seed0/cpo/metrics.json
Colour Bomb v1,colour_bomb,PPO,ppo_policy,reference_baseline,1,100,1.0,1.0,1.0,0,0.0,/vol/bitbucket/ma5923/_projects/CertifiedContinualLearning/outputs/_sweeps_2hidden_colour_bomb_baselines_only/colour_bomb/seed1/ppo_policy/metrics.json
Colour Bomb v1,colour_bomb,PPO-Lagrangian,ppo_lagrangian,safe_rl_baseline,1,100,1.0,1.0,1.0,0,0.0,/vol/bitbucket/ma5923/_projects/CertifiedContinualLearning/outputs/_sweeps_2hidden_colour_bomb_baselines_only/colour_bomb/seed1/ppo_lagrangian/metrics.json
Colour Bomb v1,colour_bomb,PPO-PID-Lagrangian,ppo_pid_lagrangian,safe_rl_baseline,1,100,1.0,1.0,1.0,0,0.0,/vol/bitbucket/ma5923/_projects/CertifiedContinualLearning/outputs/_sweeps_2hidden_colour_bomb_baselines_only/colour_bomb/seed1/ppo_lagrangian/metrics.json
Colour Bomb v1,colour_bomb,CPO,cpo,safe_rl_baseline,1,100,1.0,1.0,1.0,0,0.0,/vol/bitbucket/ma5923/_projects/CertifiedContinualLearning/outputs/_sweeps_2hidden_colour_bomb_baselines_only/colour_bomb/seed1/cpo/metrics.json
Colour Bomb v1,colour_bomb,PPO,ppo_policy,reference_baseline,2,100,1.0,1.0,1.0,0,0.0,/vol/bitbucket/ma5923/_projects/CertifiedContinualLearning/outputs/_sweeps_2hidden_colour_bomb_baselines_only/colour_bomb/seed2/ppo_policy/metrics.json
Colour Bomb v1,colour_bomb,PPO-Lagrangian,ppo_lagrangian,safe_rl_baseline,2,100,1.0,1.0,1.0,0,0.0,/vol/bitbucket/ma5923/_projects/CertifiedContinualLearning/outputs/_sweeps_2hidden_colour_bomb_baselines_only/colour_bomb/seed2/ppo_lagrangian/metrics.json
Colour Bomb v1,colour_bomb,PPO-PID-Lagrangian,ppo_pid_lagrangian,safe_rl_baseline,2,100,1.0,1.0,1.0,0,0.0,/vol/bitbucket/ma5923/_projects/CertifiedContinualLearning/outputs/_sweeps_2hidden_colour_bomb_baselines_only/colour_bomb/seed2/ppo_lagrangian/metrics.json
Colour Bomb v1,colour_bomb,CPO,cpo,safe_rl_baseline,2,100,1.0,1.0,1.0,0,0.0,/vol/bitbucket/ma5923/_projects/CertifiedContinualLearning/outputs/_sweeps_2hidden_colour_bomb_baselines_only/colour_bomb/seed2/cpo/metrics.json
Colour Bomb v1,colour_bomb,PPO,ppo_policy,reference_baseline,3,100,1.0,1.0,1.0,0,0.0,/vol/bitbucket/ma5923/_projects/CertifiedContinualLearning/outputs/_sweeps_2hidden_colour_bomb_baselines_only/colour_bomb/seed3/ppo_policy/metrics.json
Colour Bomb v1,colour_bomb,PPO-Lagrangian,ppo_lagrangian,safe_rl_baseline,3,100,1.0,1.0,1.0,0,0.0,/vol/bitbucket/ma5923/_projects/CertifiedContinualLearning/outputs/_sweeps_2hidden_colour_bomb_baselines_only/colour_bomb/seed3/ppo_lagrangian/metrics.json
Colour Bomb v1,colour_bomb,PPO-PID-Lagrangian,ppo_pid_lagrangian,safe_rl_baseline,3,100,1.0,1.0,1.0,0,0.0,/vol/bitbucket/ma5923/_projects/CertifiedContinualLearning/outputs/_sweeps_2hidden_colour_bomb_baselines_only/colour_bomb/seed3/ppo_lagrangian/metrics.json
Colour Bomb v1,colour_bomb,CPO,cpo,safe_rl_baseline,3,100,1.0,1.0,1.0,0,0.0,/vol/bitbucket/ma5923/_projects/CertifiedContinualLearning/outputs/_sweeps_2hidden_colour_bomb_baselines_only/colour_bomb/seed3/cpo/metrics.json
Colour Bomb v1,colour_bomb,PPO,ppo_policy,reference_baseline,4,100,1.0,1.0,1.0,0,0.0,/vol/bitbucket/ma5923/_projects/CertifiedContinualLearning/outputs/_sweeps_2hidden_colour_bomb_baselines_only/colour_bomb/seed4/ppo_policy/metrics.json
Colour Bomb v1,colour_bomb,PPO-Lagrangian,ppo_lagrangian,safe_rl_baseline,4,100,1.0,1.0,1.0,0,0.0,/vol/bitbucket/ma5923/_projects/CertifiedContinualLearning/outputs/_sweeps_2hidden_colour_bomb_baselines_only/colour_bomb/seed4/ppo_lagrangian/metrics.json
Colour Bomb v1,colour_bomb,PPO-PID-Lagrangian,ppo_pid_lagrangian,safe_rl_baseline,4,100,1.0,1.0,1.0,0,0.0,/vol/bitbucket/ma5923/_projects/CertifiedContinualLearning/outputs/_sweeps_2hidden_colour_bomb_baselines_only/colour_bomb/seed4/ppo_lagrangian/metrics.json
Colour Bomb v1,colour_bomb,CPO,cpo,safe_rl_baseline,4,100,1.0,1.0,1.0,0,0.0,/vol/bitbucket/ma5923/_projects/CertifiedContinualLearning/outputs/_sweeps_2hidden_colour_bomb_baselines_only/colour_bomb/seed4/cpo/metrics.json
Colour Bomb v1,colour_bomb,PPO,ppo_policy,reference_baseline,5,100,1.0,1.0,1.0,0,0.0,/vol/bitbucket/ma5923/_projects/CertifiedContinualLearning/outputs/_sweeps_2hidden_colour_bomb_baselines_only/colour_bomb/seed5/ppo_policy/metrics.json
Colour Bomb v1,colour_bomb,PPO-Lagrangian,ppo_lagrangian,safe_rl_baseline,5,100,1.0,1.0,1.0,0,0.0,/vol/bitbucket/ma5923/_projects/CertifiedContinualLearning/outputs/_sweeps_2hidden_colour_bomb_baselines_only/colour_bomb/seed5/ppo_lagrangian/metrics.json
Colour Bomb v1,colour_bomb,PPO-PID-Lagrangian,ppo_pid_lagrangian,safe_rl_baseline,5,100,1.0,1.0,1.0,0,0.0,/vol/bitbucket/ma5923/_projects/CertifiedContinualLearning/outputs/_sweeps_2hidden_colour_bomb_baselines_only/colour_bomb/seed5/ppo_lagrangian/metrics.json
Colour Bomb v1,colour_bomb,CPO,cpo,safe_rl_baseline,5,100,1.0,1.0,1.0,0,0.0,/vol/bitbucket/ma5923/_projects/CertifiedContinualLearning/outputs/_sweeps_2hidden_colour_bomb_baselines_only/colour_bomb/seed5/cpo/metrics.json
Colour Bomb v1,colour_bomb,PPO,ppo_policy,reference_baseline,6,100,1.0,1.0,1.0,0,0.0,/vol/bitbucket/ma5923/_projects/CertifiedContinualLearning/outputs/_sweeps_2hidden_colour_bomb_baselines_only/colour_bomb/seed6/ppo_policy/metrics.json
Colour Bomb v1,colour_bomb,PPO-Lagrangian,ppo_lagrangian,safe_rl_baseline,6,100,1.0,1.0,1.0,0,0.0,/vol/bitbucket/ma5923/_projects/CertifiedContinualLearning/outputs/_sweeps_2hidden_colour_bomb_baselines_only/colour_bomb/seed6/ppo_lagrangian/metrics.json
Colour Bomb v1,colour_bomb,PPO-PID-Lagrangian,ppo_pid_lagrangian,safe_rl_baseline,6,100,1.0,1.0,1.0,0,0.0,/vol/bitbucket/ma5923/_projects/CertifiedContinualLearning/outputs/_sweeps_2hidden_colour_bomb_baselines_only/colour_bomb/seed6/ppo_lagrangian/metrics.json
Colour Bomb v1,colour_bomb,CPO,cpo,safe_rl_baseline,6,100,1.0,1.0,1.0,0,0.0,/vol/bitbucket/ma5923/_projects/CertifiedContinualLearning/outputs/_sweeps_2hidden_colour_bomb_baselines_only/colour_bomb/seed6/cpo/metrics.json
Colour Bomb v1,colour_bomb,PPO,ppo_policy,reference_baseline,7,100,1.0,1.0,1.0,0,0.0,/vol/bitbucket/ma5923/_projects/CertifiedContinualLearning/outputs/_sweeps_2hidden_colour_bomb_baselines_only/colour_bomb/seed7/ppo_policy/metrics.json
Colour Bomb v1,colour_bomb,PPO-Lagrangian,ppo_lagrangian,safe_rl_baseline,7,100,1.0,1.0,1.0,0,0.0,/vol/bitbucket/ma5923/_projects/CertifiedContinualLearning/outputs/_sweeps_2hidden_colour_bomb_baselines_only/colour_bomb/seed7/ppo_lagrangian/metrics.json
Colour Bomb v1,colour_bomb,PPO-PID-Lagrangian,ppo_pid_lagrangian,safe_rl_baseline,7,100,1.0,1.0,1.0,0,0.0,/vol/bitbucket/ma5923/_projects/CertifiedContinualLearning/outputs/_sweeps_2hidden_colour_bomb_baselines_only/colour_bomb/seed7/ppo_lagrangian/metrics.json
Colour Bomb v1,colour_bomb,CPO,cpo,safe_rl_baseline,7,100,1.0,1.0,1.0,0,0.0,/vol/bitbucket/ma5923/_projects/CertifiedContinualLearning/outputs/_sweeps_2hidden_colour_bomb_baselines_only/colour_bomb/seed7/cpo/metrics.json
Colour Bomb v1,colour_bomb,PPO,ppo_policy,reference_baseline,8,100,1.0,1.0,1.0,0,0.0,/vol/bitbucket/ma5923/_projects/CertifiedContinualLearning/outputs/_sweeps_2hidden_colour_bomb_baselines_only/colour_bomb/seed8/ppo_policy/metrics.json
Colour Bomb v1,colour_bomb,PPO-Lagrangian,ppo_lagrangian,safe_rl_baseline,8,100,1.0,1.0,1.0,0,0.0,/vol/bitbucket/ma5923/_projects/CertifiedContinualLearning/outputs/_sweeps_2hidden_colour_bomb_baselines_only/colour_bomb/seed8/ppo_lagrangian/metrics.json
Colour Bomb v1,colour_bomb,PPO-PID-Lagrangian,ppo_pid_lagrangian,safe_rl_baseline,8,100,1.0,1.0,1.0,0,0.0,/vol/bitbucket/ma5923/_projects/CertifiedContinualLearning/outputs/_sweeps_2hidden_colour_bomb_baselines_only/colour_bomb/seed8/ppo_lagrangian/metrics.json
Colour Bomb v1,colour_bomb,CPO,cpo,safe_rl_baseline,8,100,1.0,1.0,1.0,0,0.0,/vol/bitbucket/ma5923/_projects/CertifiedContinualLearning/outputs/_sweeps_2hidden_colour_bomb_baselines_only/colour_bomb/seed8/cpo/metrics.json
Colour Bomb v1,colour_bomb,PPO,ppo_policy,reference_baseline,9,100,1.0,1.0,1.0,0,0.0,/vol/bitbucket/ma5923/_projects/CertifiedContinualLearning/outputs/_sweeps_2hidden_colour_bomb_baselines_only/colour_bomb/seed9/ppo_policy/metrics.json
Colour Bomb v1,colour_bomb,PPO-Lagrangian,ppo_lagrangian,safe_rl_baseline,9,100,1.0,1.0,1.0,0,0.0,/vol/bitbucket/ma5923/_projects/CertifiedContinualLearning/outputs/_sweeps_2hidden_colour_bomb_baselines_only/colour_bomb/seed9/ppo_lagrangian/metrics.json
Colour Bomb v1,colour_bomb,PPO-PID-Lagrangian,ppo_pid_lagrangian,safe_rl_baseline,9,100,1.0,1.0,1.0,0,0.0,/vol/bitbucket/ma5923/_projects/CertifiedContinualLearning/outputs/_sweeps_2hidden_colour_bomb_baselines_only/colour_bomb/seed9/ppo_lagrangian/metrics.json
Colour Bomb v1,colour_bomb,CPO,cpo,safe_rl_baseline,9,100,1.0,1.0,1.0,0,0.0,/vol/bitbucket/ma5923/_projects/CertifiedContinualLearning/outputs/_sweeps_2hidden_colour_bomb_baselines_only/colour_bomb/seed9/cpo/metrics.json
Colour Bomb v2,colour_bomb_v2,PPO,ppo_policy,reference_baseline,0,100,36.94,0.0,1.0,100,32.81,/vol/bitbucket/ma5923/_projects/CertifiedContinualLearning/outputs/_sweeps_2hidden_colour_bomb_v2_baselines_only/colour_bomb_v2/seed0/ppo_policy/metrics.json
Colour Bomb v2,colour_bomb_v2,PPO-Lagrangian,ppo_lagrangian,safe_rl_baseline,0,100,0.23,1.0,0.19,0,0.0,/vol/bitbucket/ma5923/_projects/CertifiedContinualLearning/outputs/_sweeps_2hidden_colour_bomb_v2_baselines_only/colour_bomb_v2/seed0/ppo_lagrangian/metrics.json
Colour Bomb v2,colour_bomb_v2,PPO-PID-Lagrangian,ppo_pid_lagrangian,safe_rl_baseline,0,100,0.49,1.0,0.33,0,0.0,/vol/bitbucket/ma5923/_projects/CertifiedContinualLearning/outputs/_sweeps_2hidden_colour_bomb_v2_baselines_only/colour_bomb_v2/seed0/ppo_lagrangian/metrics.json
Colour Bomb v2,colour_bomb_v2,CPO,cpo,safe_rl_baseline,0,100,0.35,1.0,0.25,0,0.0,/vol/bitbucket/ma5923/_projects/CertifiedContinualLearning/outputs/_sweeps_2hidden_colour_bomb_v2_baselines_only/colour_bomb_v2/seed0/cpo/metrics.json
Colour Bomb v2,colour_bomb_v2,PPO-Shield,ppo_shield_shielded,safe_rl_baseline,0,100,24.08,1.0,1.0,0,0.0,/vol/bitbucket/ma5923/_projects/CertifiedContinualLearning/outputs/_sweeps_2hidden_colour_bomb_v2_baselines_only/colour_bomb_v2/seed0/ppo_shield/metrics.json
Colour Bomb v2,colour_bomb_v2,PPO-Shield-Nominal,ppo_shield_nominal,reference_baseline,0,100,24.08,1.0,1.0,0,0.0,/vol/bitbucket/ma5923/_projects/CertifiedContinualLearning/outputs/_sweeps_2hidden_colour_bomb_v2_baselines_only/colour_bomb_v2/seed0/ppo_shield/metrics.json
Colour Bomb v2,colour_bomb_v2,PPO,ppo_policy,reference_baseline,1,100,35.13,0.0,1.0,100,33.28,/vol/bitbucket/ma5923/_projects/CertifiedContinualLearning/outputs/_sweeps_2hidden_colour_bomb_v2_baselines_only/colour_bomb_v2/seed1/ppo_policy/metrics.json
Colour Bomb v2,colour_bomb_v2,PPO-Lagrangian,ppo_lagrangian,safe_rl_baseline,1,100,0.48,1.0,0.32,0,0.0,/vol/bitbucket/ma5923/_projects/CertifiedContinualLearning/outputs/_sweeps_2hidden_colour_bomb_v2_baselines_only/colour_bomb_v2/seed1/ppo_lagrangian/metrics.json
Colour Bomb v2,colour_bomb_v2,PPO-PID-Lagrangian,ppo_pid_lagrangian,safe_rl_baseline,1,100,1.32,1.0,0.54,0,0.0,/vol/bitbucket/ma5923/_projects/CertifiedContinualLearning/outputs/_sweeps_2hidden_colour_bomb_v2_baselines_only/colour_bomb_v2/seed1/ppo_lagrangian/metrics.json
Colour Bomb v2,colour_bomb_v2,CPO,cpo,safe_rl_baseline,1,100,0.06,1.0,0.06,0,0.0,/vol/bitbucket/ma5923/_projects/CertifiedContinualLearning/outputs/_sweeps_2hidden_colour_bomb_v2_baselines_only/colour_bomb_v2/seed1/cpo/metrics.json
Colour Bomb v2,colour_bomb_v2,PPO-Shield,ppo_shield_shielded,safe_rl_baseline,1,100,24.71,1.0,1.0,0,0.0,/vol/bitbucket/ma5923/_projects/CertifiedContinualLearning/outputs/_sweeps_2hidden_colour_bomb_v2_baselines_only/colour_bomb_v2/seed1/ppo_shield/metrics.json
Colour Bomb v2,colour_bomb_v2,PPO-Shield-Nominal,ppo_shield_nominal,reference_baseline,1,100,24.71,1.0,1.0,0,0.0,/vol/bitbucket/ma5923/_projects/CertifiedContinualLearning/outputs/_sweeps_2hidden_colour_bomb_v2_baselines_only/colour_bomb_v2/seed1/ppo_shield/metrics.json
Colour Bomb v2,colour_bomb_v2,PPO,ppo_policy,reference_baseline,2,100,36.95,0.0,1.0,100,34.55,/vol/bitbucket/ma5923/_projects/CertifiedContinualLearning/outputs/_sweeps_2hidden_colour_bomb_v2_baselines_only/colour_bomb_v2/seed2/ppo_policy/metrics.json
Colour Bomb v2,colour_bomb_v2,PPO-Lagrangian,ppo_lagrangian,safe_rl_baseline,2,100,3.09,1.0,0.8,0,0.0,/vol/bitbucket/ma5923/_projects/CertifiedContinualLearning/outputs/_sweeps_2hidden_colour_bomb_v2_baselines_only/colour_bomb_v2/seed2/ppo_lagrangian/metrics.json
Colour Bomb v2,colour_bomb_v2,PPO-PID-Lagrangian,ppo_pid_lagrangian,safe_rl_baseline,2,100,0.13,1.0,0.11,0,0.0,/vol/bitbucket/ma5923/_projects/CertifiedContinualLearning/outputs/_sweeps_2hidden_colour_bomb_v2_baselines_only/colour_bomb_v2/seed2/ppo_lagrangian/metrics.json
Colour Bomb v2,colour_bomb_v2,CPO,cpo,safe_rl_baseline,2,100,0.0,1.0,0.0,0,0.0,/vol/bitbucket/ma5923/_projects/CertifiedContinualLearning/outputs/_sweeps_2hidden_colour_bomb_v2_baselines_only/colour_bomb_v2/seed2/cpo/metrics.json
Colour Bomb v2,colour_bomb_v2,PPO-Shield,ppo_shield_shielded,safe_rl_baseline,2,100,23.98,1.0,1.0,0,0.0,/vol/bitbucket/ma5923/_projects/CertifiedContinualLearning/outputs/_sweeps_2hidden_colour_bomb_v2_baselines_only/colour_bomb_v2/seed2/ppo_shield/metrics.json
Colour Bomb v2,colour_bomb_v2,PPO-Shield-Nominal,ppo_shield_nominal,reference_baseline,2,100,23.98,1.0,1.0,0,0.0,/vol/bitbucket/ma5923/_projects/CertifiedContinualLearning/outputs/_sweeps_2hidden_colour_bomb_v2_baselines_only/colour_bomb_v2/seed2/ppo_shield/metrics.json
Colour Bomb v2,colour_bomb_v2,PPO,ppo_policy,reference_baseline,3,100,36.21,0.0,1.0,100,36.29,/vol/bitbucket/ma5923/_projects/CertifiedContinualLearning/outputs/_sweeps_2hidden_colour_bomb_v2_baselines_only/colour_bomb_v2/seed3/ppo_policy/metrics.json
Colour Bomb v2,colour_bomb_v2,PPO-Lagrangian,ppo_lagrangian,safe_rl_baseline,3,100,0.0,1.0,0.0,0,0.0,/vol/bitbucket/ma5923/_projects/CertifiedContinualLearning/outputs/_sweeps_2hidden_colour_bomb_v2_baselines_only/colour_bomb_v2/seed3/ppo_lagrangian/metrics.json
Colour Bomb v2,colour_bomb_v2,PPO-PID-Lagrangian,ppo_pid_lagrangian,safe_rl_baseline,3,100,0.0,1.0,0.0,0,0.0,/vol/bitbucket/ma5923/_projects/CertifiedContinualLearning/outputs/_sweeps_2hidden_colour_bomb_v2_baselines_only/colour_bomb_v2/seed3/ppo_lagrangian/metrics.json
Colour Bomb v2,colour_bomb_v2,CPO,cpo,safe_rl_baseline,3,100,0.0,1.0,0.0,0,0.0,/vol/bitbucket/ma5923/_projects/CertifiedContinualLearning/outputs/_sweeps_2hidden_colour_bomb_v2_baselines_only/colour_bomb_v2/seed3/cpo/metrics.json
Colour Bomb v2,colour_bomb_v2,PPO-Shield,ppo_shield_shielded,safe_rl_baseline,3,100,24.38,1.0,1.0,0,0.0,/vol/bitbucket/ma5923/_projects/CertifiedContinualLearning/outputs/_sweeps_2hidden_colour_bomb_v2_baselines_only/colour_bomb_v2/seed3/ppo_shield/metrics.json
Colour Bomb v2,colour_bomb_v2,PPO-Shield-Nominal,ppo_shield_nominal,reference_baseline,3,100,24.38,1.0,1.0,0,0.0,/vol/bitbucket/ma5923/_projects/CertifiedContinualLearning/outputs/_sweeps_2hidden_colour_bomb_v2_baselines_only/colour_bomb_v2/seed3/ppo_shield/metrics.json
Colour Bomb v2,colour_bomb_v2,PPO,ppo_policy,reference_baseline,4,100,36.13,0.0,1.0,100,37.27,/vol/bitbucket/ma5923/_projects/CertifiedContinualLearning/outputs/_sweeps_2hidden_colour_bomb_v2_baselines_only/colour_bomb_v2/seed4/ppo_policy/metrics.json
Colour Bomb v2,colour_bomb_v2,PPO-Lagrangian,ppo_lagrangian,safe_rl_baseline,4,100,0.17,1.0,0.17,0,0.0,/vol/bitbucket/ma5923/_projects/CertifiedContinualLearning/outputs/_sweeps_2hidden_colour_bomb_v2_baselines_only/colour_bomb_v2/seed4/ppo_lagrangian/metrics.json
Colour Bomb v2,colour_bomb_v2,PPO-PID-Lagrangian,ppo_pid_lagrangian,safe_rl_baseline,4,100,1.21,1.0,0.5,0,0.0,/vol/bitbucket/ma5923/_projects/CertifiedContinualLearning/outputs/_sweeps_2hidden_colour_bomb_v2_baselines_only/colour_bomb_v2/seed4/ppo_lagrangian/metrics.json
Colour Bomb v2,colour_bomb_v2,CPO,cpo,safe_rl_baseline,4,100,0.13,1.0,0.11,0,0.0,/vol/bitbucket/ma5923/_projects/CertifiedContinualLearning/outputs/_sweeps_2hidden_colour_bomb_v2_baselines_only/colour_bomb_v2/seed4/cpo/metrics.json
Colour Bomb v2,colour_bomb_v2,PPO-Shield,ppo_shield_shielded,safe_rl_baseline,4,100,24.55,1.0,1.0,0,0.0,/vol/bitbucket/ma5923/_projects/CertifiedContinualLearning/outputs/_sweeps_2hidden_colour_bomb_v2_baselines_only/colour_bomb_v2/seed4/ppo_shield/metrics.json
Colour Bomb v2,colour_bomb_v2,PPO-Shield-Nominal,ppo_shield_nominal,reference_baseline,4,100,24.55,1.0,1.0,0,0.0,/vol/bitbucket/ma5923/_projects/CertifiedContinualLearning/outputs/_sweeps_2hidden_colour_bomb_v2_baselines_only/colour_bomb_v2/seed4/ppo_shield/metrics.json
Colour Bomb v2,colour_bomb_v2,PPO,ppo_policy,reference_baseline,5,100,38.0,0.0,1.0,100,42.24,/vol/bitbucket/ma5923/_projects/CertifiedContinualLearning/outputs/_sweeps_2hidden_colour_bomb_v2_baselines_only/colour_bomb_v2/seed5/ppo_policy/metrics.json
Colour Bomb v2,colour_bomb_v2,PPO-Lagrangian,ppo_lagrangian,safe_rl_baseline,5,100,0.65,1.0,0.41,0,0.0,/vol/bitbucket/ma5923/_projects/CertifiedContinualLearning/outputs/_sweeps_2hidden_colour_bomb_v2_baselines_only/colour_bomb_v2/seed5/ppo_lagrangian/metrics.json
Colour Bomb v2,colour_bomb_v2,PPO-PID-Lagrangian,ppo_pid_lagrangian,safe_rl_baseline,5,100,11.75,1.0,0.91,0,0.0,/vol/bitbucket/ma5923/_projects/CertifiedContinualLearning/outputs/_sweeps_2hidden_colour_bomb_v2_baselines_only/colour_bomb_v2/seed5/ppo_lagrangian/metrics.json
Colour Bomb v2,colour_bomb_v2,CPO,cpo,safe_rl_baseline,5,100,0.0,1.0,0.0,0,0.0,/vol/bitbucket/ma5923/_projects/CertifiedContinualLearning/outputs/_sweeps_2hidden_colour_bomb_v2_baselines_only/colour_bomb_v2/seed5/cpo/metrics.json
Colour Bomb v2,colour_bomb_v2,PPO-Shield,ppo_shield_shielded,safe_rl_baseline,5,100,13.95,1.0,0.96,0,0.0,/vol/bitbucket/ma5923/_projects/CertifiedContinualLearning/outputs/_sweeps_2hidden_colour_bomb_v2_baselines_only/colour_bomb_v2/seed5/ppo_shield/metrics.json
Colour Bomb v2,colour_bomb_v2,PPO-Shield-Nominal,ppo_shield_nominal,reference_baseline,5,100,13.95,1.0,0.96,0,0.0,/vol/bitbucket/ma5923/_projects/CertifiedContinualLearning/outputs/_sweeps_2hidden_colour_bomb_v2_baselines_only/colour_bomb_v2/seed5/ppo_shield/metrics.json
Colour Bomb v2,colour_bomb_v2,PPO,ppo_policy,reference_baseline,6,100,35.99,0.0,1.0,100,36.26,/vol/bitbucket/ma5923/_projects/CertifiedContinualLearning/outputs/_sweeps_2hidden_colour_bomb_v2_baselines_only/colour_bomb_v2/seed6/ppo_policy/metrics.json
Colour Bomb v2,colour_bomb_v2,PPO-Lagrangian,ppo_lagrangian,safe_rl_baseline,6,100,0.73,1.0,0.39,0,0.0,/vol/bitbucket/ma5923/_projects/CertifiedContinualLearning/outputs/_sweeps_2hidden_colour_bomb_v2_baselines_only/colour_bomb_v2/seed6/ppo_lagrangian/metrics.json
Colour Bomb v2,colour_bomb_v2,PPO-PID-Lagrangian,ppo_pid_lagrangian,safe_rl_baseline,6,100,0.39,1.0,0.23,0,0.0,/vol/bitbucket/ma5923/_projects/CertifiedContinualLearning/outputs/_sweeps_2hidden_colour_bomb_v2_baselines_only/colour_bomb_v2/seed6/ppo_lagrangian/metrics.json
Colour Bomb v2,colour_bomb_v2,CPO,cpo,safe_rl_baseline,6,100,0.24,1.0,0.22,0,0.0,/vol/bitbucket/ma5923/_projects/CertifiedContinualLearning/outputs/_sweeps_2hidden_colour_bomb_v2_baselines_only/colour_bomb_v2/seed6/cpo/metrics.json
Colour Bomb v2,colour_bomb_v2,PPO-Shield,ppo_shield_shielded,safe_rl_baseline,6,100,24.24,1.0,1.0,0,0.0,/vol/bitbucket/ma5923/_projects/CertifiedContinualLearning/outputs/_sweeps_2hidden_colour_bomb_v2_baselines_only/colour_bomb_v2/seed6/ppo_shield/metrics.json
Colour Bomb v2,colour_bomb_v2,PPO-Shield-Nominal,ppo_shield_nominal,reference_baseline,6,100,24.24,1.0,1.0,0,0.0,/vol/bitbucket/ma5923/_projects/CertifiedContinualLearning/outputs/_sweeps_2hidden_colour_bomb_v2_baselines_only/colour_bomb_v2/seed6/ppo_shield/metrics.json
Colour Bomb v2,colour_bomb_v2,PPO,ppo_policy,reference_baseline,7,100,36.9,0.0,1.0,100,33.16,/vol/bitbucket/ma5923/_projects/CertifiedContinualLearning/outputs/_sweeps_2hidden_colour_bomb_v2_baselines_only/colour_bomb_v2/seed7/ppo_policy/metrics.json
Colour Bomb v2,colour_bomb_v2,PPO-Lagrangian,ppo_lagrangian,safe_rl_baseline,7,100,0.14,1.0,0.14,0,0.0,/vol/bitbucket/ma5923/_projects/CertifiedContinualLearning/outputs/_sweeps_2hidden_colour_bomb_v2_baselines_only/colour_bomb_v2/seed7/ppo_lagrangian/metrics.json
Colour Bomb v2,colour_bomb_v2,PPO-PID-Lagrangian,ppo_pid_lagrangian,safe_rl_baseline,7,100,0.1,1.0,0.1,0,0.0,/vol/bitbucket/ma5923/_projects/CertifiedContinualLearning/outputs/_sweeps_2hidden_colour_bomb_v2_baselines_only/colour_bomb_v2/seed7/ppo_lagrangian/metrics.json
Colour Bomb v2,colour_bomb_v2,CPO,cpo,safe_rl_baseline,7,100,0.0,1.0,0.0,0,0.0,/vol/bitbucket/ma5923/_projects/CertifiedContinualLearning/outputs/_sweeps_2hidden_colour_bomb_v2_baselines_only/colour_bomb_v2/seed7/cpo/metrics.json
Colour Bomb v2,colour_bomb_v2,PPO-Shield,ppo_shield_shielded,safe_rl_baseline,7,100,25.18,1.0,1.0,0,0.0,/vol/bitbucket/ma5923/_projects/CertifiedContinualLearning/outputs/_sweeps_2hidden_colour_bomb_v2_baselines_only/colour_bomb_v2/seed7/ppo_shield/metrics.json
Colour Bomb v2,colour_bomb_v2,PPO-Shield-Nominal,ppo_shield_nominal,reference_baseline,7,100,25.18,1.0,1.0,0,0.0,/vol/bitbucket/ma5923/_projects/CertifiedContinualLearning/outputs/_sweeps_2hidden_colour_bomb_v2_baselines_only/colour_bomb_v2/seed7/ppo_shield/metrics.json
Colour Bomb v2,colour_bomb_v2,PPO,ppo_policy,reference_baseline,8,100,35.36,0.0,1.0,100,37.07,/vol/bitbucket/ma5923/_projects/CertifiedContinualLearning/outputs/_sweeps_2hidden_colour_bomb_v2_baselines_only/colour_bomb_v2/seed8/ppo_policy/metrics.json
Colour Bomb v2,colour_bomb_v2,PPO-Lagrangian,ppo_lagrangian,safe_rl_baseline,8,100,0.23,1.0,0.16,0,0.0,/vol/bitbucket/ma5923/_projects/CertifiedContinualLearning/outputs/_sweeps_2hidden_colour_bomb_v2_baselines_only/colour_bomb_v2/seed8/ppo_lagrangian/metrics.json
Colour Bomb v2,colour_bomb_v2,PPO-PID-Lagrangian,ppo_pid_lagrangian,safe_rl_baseline,8,100,0.27,1.0,0.21,0,0.0,/vol/bitbucket/ma5923/_projects/CertifiedContinualLearning/outputs/_sweeps_2hidden_colour_bomb_v2_baselines_only/colour_bomb_v2/seed8/ppo_lagrangian/metrics.json
Colour Bomb v2,colour_bomb_v2,CPO,cpo,safe_rl_baseline,8,100,0.01,1.0,0.01,0,0.0,/vol/bitbucket/ma5923/_projects/CertifiedContinualLearning/outputs/_sweeps_2hidden_colour_bomb_v2_baselines_only/colour_bomb_v2/seed8/cpo/metrics.json
Colour Bomb v2,colour_bomb_v2,PPO-Shield,ppo_shield_shielded,safe_rl_baseline,8,100,24.64,1.0,1.0,0,0.0,/vol/bitbucket/ma5923/_projects/CertifiedContinualLearning/outputs/_sweeps_2hidden_colour_bomb_v2_baselines_only/colour_bomb_v2/seed8/ppo_shield/metrics.json
Colour Bomb v2,colour_bomb_v2,PPO-Shield-Nominal,ppo_shield_nominal,reference_baseline,8,100,24.64,1.0,1.0,0,0.0,/vol/bitbucket/ma5923/_projects/CertifiedContinualLearning/outputs/_sweeps_2hidden_colour_bomb_v2_baselines_only/colour_bomb_v2/seed8/ppo_shield/metrics.json
Colour Bomb v2,colour_bomb_v2,PPO,ppo_policy,reference_baseline,9,100,36.26,0.0,1.0,100,39.15,/vol/bitbucket/ma5923/_projects/CertifiedContinualLearning/outputs/_sweeps_2hidden_colour_bomb_v2_baselines_only/colour_bomb_v2/seed9/ppo_policy/metrics.json
Colour Bomb v2,colour_bomb_v2,PPO-Lagrangian,ppo_lagrangian,safe_rl_baseline,9,100,0.41,1.0,0.29,0,0.0,/vol/bitbucket/ma5923/_projects/CertifiedContinualLearning/outputs/_sweeps_2hidden_colour_bomb_v2_baselines_only/colour_bomb_v2/seed9/ppo_lagrangian/metrics.json
Colour Bomb v2,colour_bomb_v2,PPO-PID-Lagrangian,ppo_pid_lagrangian,safe_rl_baseline,9,100,1.21,1.0,0.52,0,0.0,/vol/bitbucket/ma5923/_projects/CertifiedContinualLearning/outputs/_sweeps_2hidden_colour_bomb_v2_baselines_only/colour_bomb_v2/seed9/ppo_lagrangian/metrics.json
Colour Bomb v2,colour_bomb_v2,CPO,cpo,safe_rl_baseline,9,100,0.23,1.0,0.2,0,0.0,/vol/bitbucket/ma5923/_projects/CertifiedContinualLearning/outputs/_sweeps_2hidden_colour_bomb_v2_baselines_only/colour_bomb_v2/seed9/cpo/metrics.json
Colour Bomb v2,colour_bomb_v2,PPO-Shield,ppo_shield_shielded,safe_rl_baseline,9,100,23.89,1.0,1.0,0,0.0,/vol/bitbucket/ma5923/_projects/CertifiedContinualLearning/outputs/_sweeps_2hidden_colour_bomb_v2_baselines_only/colour_bomb_v2/seed9/ppo_shield/metrics.json
Colour Bomb v2,colour_bomb_v2,PPO-Shield-Nominal,ppo_shield_nominal,reference_baseline,9,100,23.89,1.0,1.0,0,0.0,/vol/bitbucket/ma5923/_projects/CertifiedContinualLearning/outputs/_sweeps_2hidden_colour_bomb_v2_baselines_only/colour_bomb_v2/seed9/ppo_shield/metrics.json
Media Streaming,media_streaming,PPO,ppo_policy,reference_baseline,0,100,0.0,0.0,0.0,100,12.48,/vol/bitbucket/ma5923/_projects/CertifiedContinualLearning/outputs/_sweeps_2hidden_media_streaming_baselines_only/media_streaming/seed0/ppo_policy/metrics.json
Media Streaming,media_streaming,PPO-Lagrangian,ppo_lagrangian,safe_rl_baseline,0,100,-2.07,1.0,1.0,0,0.0,/vol/bitbucket/ma5923/_projects/CertifiedContinualLearning/outputs/_sweeps_2hidden_media_streaming_baselines_only/media_streaming/seed0/ppo_lagrangian/metrics.json
Media Streaming,media_streaming,PPO-PID-Lagrangian,ppo_pid_lagrangian,safe_rl_baseline,0,100,-6.14,1.0,1.0,0,0.0,/vol/bitbucket/ma5923/_projects/CertifiedContinualLearning/outputs/_sweeps_2hidden_media_streaming_baselines_only/media_streaming/seed0/ppo_lagrangian/metrics.json
Media Streaming,media_streaming,CPO,cpo,safe_rl_baseline,0,100,-24.14,1.0,1.0,0,0.0,/vol/bitbucket/ma5923/_projects/CertifiedContinualLearning/outputs/_sweeps_2hidden_media_streaming_baselines_only/media_streaming/seed0/cpo/metrics.json
Media Streaming,media_streaming,PPO,ppo_policy,reference_baseline,1,100,0.0,0.02,0.02,98,10.13,/vol/bitbucket/ma5923/_projects/CertifiedContinualLearning/outputs/_sweeps_2hidden_media_streaming_baselines_only/media_streaming/seed1/ppo_policy/metrics.json
Media Streaming,media_streaming,PPO-Lagrangian,ppo_lagrangian,safe_rl_baseline,1,100,-4.76,1.0,1.0,0,0.0,/vol/bitbucket/ma5923/_projects/CertifiedContinualLearning/outputs/_sweeps_2hidden_media_streaming_baselines_only/media_streaming/seed1/ppo_lagrangian/metrics.json
Media Streaming,media_streaming,PPO-PID-Lagrangian,ppo_pid_lagrangian,safe_rl_baseline,1,100,-4.54,1.0,1.0,0,0.0,/vol/bitbucket/ma5923/_projects/CertifiedContinualLearning/outputs/_sweeps_2hidden_media_streaming_baselines_only/media_streaming/seed1/ppo_lagrangian/metrics.json
Media Streaming,media_streaming,CPO,cpo,safe_rl_baseline,1,100,-24.13,1.0,1.0,0,0.0,/vol/bitbucket/ma5923/_projects/CertifiedContinualLearning/outputs/_sweeps_2hidden_media_streaming_baselines_only/media_streaming/seed1/cpo/metrics.json
Media Streaming,media_streaming,PPO,ppo_policy,reference_baseline,2,100,0.0,0.0,0.0,100,13.88,/vol/bitbucket/ma5923/_projects/CertifiedContinualLearning/outputs/_sweeps_2hidden_media_streaming_baselines_only/media_streaming/seed2/ppo_policy/metrics.json
Media Streaming,media_streaming,PPO-Lagrangian,ppo_lagrangian,safe_rl_baseline,2,100,-6.21,1.0,1.0,0,0.0,/vol/bitbucket/ma5923/_projects/CertifiedContinualLearning/outputs/_sweeps_2hidden_media_streaming_baselines_only/media_streaming/seed2/ppo_lagrangian/metrics.json
Media Streaming,media_streaming,PPO-PID-Lagrangian,ppo_pid_lagrangian,safe_rl_baseline,2,100,-4.73,1.0,1.0,0,0.0,/vol/bitbucket/ma5923/_projects/CertifiedContinualLearning/outputs/_sweeps_2hidden_media_streaming_baselines_only/media_streaming/seed2/ppo_lagrangian/metrics.json
Media Streaming,media_streaming,CPO,cpo,safe_rl_baseline,2,100,-24.2,1.0,1.0,0,0.0,/vol/bitbucket/ma5923/_projects/CertifiedContinualLearning/outputs/_sweeps_2hidden_media_streaming_baselines_only/media_streaming/seed2/cpo/metrics.json
Media Streaming,media_streaming,PPO,ppo_policy,reference_baseline,3,100,0.0,0.0,0.0,100,13.3,/vol/bitbucket/ma5923/_projects/CertifiedContinualLearning/outputs/_sweeps_2hidden_media_streaming_baselines_only/media_streaming/seed3/ppo_policy/metrics.json
Media Streaming,media_streaming,PPO-Lagrangian,ppo_lagrangian,safe_rl_baseline,3,100,-4.59,1.0,1.0,0,0.0,/vol/bitbucket/ma5923/_projects/CertifiedContinualLearning/outputs/_sweeps_2hidden_media_streaming_baselines_only/media_streaming/seed3/ppo_lagrangian/metrics.json
Media Streaming,media_streaming,PPO-PID-Lagrangian,ppo_pid_lagrangian,safe_rl_baseline,3,100,-3.16,1.0,1.0,0,0.0,/vol/bitbucket/ma5923/_projects/CertifiedContinualLearning/outputs/_sweeps_2hidden_media_streaming_baselines_only/media_streaming/seed3/ppo_lagrangian/metrics.json
Media Streaming,media_streaming,CPO,cpo,safe_rl_baseline,3,100,-24.23,1.0,1.0,0,0.0,/vol/bitbucket/ma5923/_projects/CertifiedContinualLearning/outputs/_sweeps_2hidden_media_streaming_baselines_only/media_streaming/seed3/cpo/metrics.json
Media Streaming,media_streaming,PPO,ppo_policy,reference_baseline,4,100,0.0,0.0,0.0,100,14.08,/vol/bitbucket/ma5923/_projects/CertifiedContinualLearning/outputs/_sweeps_2hidden_media_streaming_baselines_only/media_streaming/seed4/ppo_policy/metrics.json
Media Streaming,media_streaming,PPO-Lagrangian,ppo_lagrangian,safe_rl_baseline,4,100,-2.86,1.0,1.0,0,0.0,/vol/bitbucket/ma5923/_projects/CertifiedContinualLearning/outputs/_sweeps_2hidden_media_streaming_baselines_only/media_streaming/seed4/ppo_lagrangian/metrics.json
Media Streaming,media_streaming,PPO-PID-Lagrangian,ppo_pid_lagrangian,safe_rl_baseline,4,100,-4.03,1.0,1.0,0,0.0,/vol/bitbucket/ma5923/_projects/CertifiedContinualLearning/outputs/_sweeps_2hidden_media_streaming_baselines_only/media_streaming/seed4/ppo_lagrangian/metrics.json
Media Streaming,media_streaming,CPO,cpo,safe_rl_baseline,4,100,-24.24,1.0,1.0,0,0.0,/vol/bitbucket/ma5923/_projects/CertifiedContinualLearning/outputs/_sweeps_2hidden_media_streaming_baselines_only/media_streaming/seed4/cpo/metrics.json
Media Streaming,media_streaming,PPO,ppo_policy,reference_baseline,5,100,0.0,0.05,0.05,95,9.86,/vol/bitbucket/ma5923/_projects/CertifiedContinualLearning/outputs/_sweeps_2hidden_media_streaming_baselines_only/media_streaming/seed5/ppo_policy/metrics.json
Media Streaming,media_streaming,PPO-Lagrangian,ppo_lagrangian,safe_rl_baseline,5,100,-2.69,1.0,1.0,0,0.0,/vol/bitbucket/ma5923/_projects/CertifiedContinualLearning/outputs/_sweeps_2hidden_media_streaming_baselines_only/media_streaming/seed5/ppo_lagrangian/metrics.json
Media Streaming,media_streaming,PPO-PID-Lagrangian,ppo_pid_lagrangian,safe_rl_baseline,5,100,-3.02,1.0,1.0,0,0.0,/vol/bitbucket/ma5923/_projects/CertifiedContinualLearning/outputs/_sweeps_2hidden_media_streaming_baselines_only/media_streaming/seed5/ppo_lagrangian/metrics.json
Media Streaming,media_streaming,CPO,cpo,safe_rl_baseline,5,100,-24.16,1.0,1.0,0,0.0,/vol/bitbucket/ma5923/_projects/CertifiedContinualLearning/outputs/_sweeps_2hidden_media_streaming_baselines_only/media_streaming/seed5/cpo/metrics.json
Media Streaming,media_streaming,PPO,ppo_policy,reference_baseline,6,100,0.0,0.0,0.0,100,14.33,/vol/bitbucket/ma5923/_projects/CertifiedContinualLearning/outputs/_sweeps_2hidden_media_streaming_baselines_only/media_streaming/seed6/ppo_policy/metrics.json
Media Streaming,media_streaming,PPO-Lagrangian,ppo_lagrangian,safe_rl_baseline,6,100,-3.87,1.0,1.0,0,0.0,/vol/bitbucket/ma5923/_projects/CertifiedContinualLearning/outputs/_sweeps_2hidden_media_streaming_baselines_only/media_streaming/seed6/ppo_lagrangian/metrics.json
Media Streaming,media_streaming,PPO-PID-Lagrangian,ppo_pid_lagrangian,safe_rl_baseline,6,100,-4.87,1.0,1.0,0,0.0,/vol/bitbucket/ma5923/_projects/CertifiedContinualLearning/outputs/_sweeps_2hidden_media_streaming_baselines_only/media_streaming/seed6/ppo_lagrangian/metrics.json
Media Streaming,media_streaming,CPO,cpo,safe_rl_baseline,6,100,-24.17,1.0,1.0,0,0.0,/vol/bitbucket/ma5923/_projects/CertifiedContinualLearning/outputs/_sweeps_2hidden_media_streaming_baselines_only/media_streaming/seed6/cpo/metrics.json
Media Streaming,media_streaming,PPO,ppo_policy,reference_baseline,7,100,0.0,0.0,0.0,100,14.8,/vol/bitbucket/ma5923/_projects/CertifiedContinualLearning/outputs/_sweeps_2hidden_media_streaming_baselines_only/media_streaming/seed7/ppo_policy/metrics.json
Media Streaming,media_streaming,PPO-Lagrangian,ppo_lagrangian,safe_rl_baseline,7,100,-2.82,1.0,1.0,0,0.0,/vol/bitbucket/ma5923/_projects/CertifiedContinualLearning/outputs/_sweeps_2hidden_media_streaming_baselines_only/media_streaming/seed7/ppo_lagrangian/metrics.json
Media Streaming,media_streaming,PPO-PID-Lagrangian,ppo_pid_lagrangian,safe_rl_baseline,7,100,-4.16,1.0,1.0,0,0.0,/vol/bitbucket/ma5923/_projects/CertifiedContinualLearning/outputs/_sweeps_2hidden_media_streaming_baselines_only/media_streaming/seed7/ppo_lagrangian/metrics.json
Media Streaming,media_streaming,CPO,cpo,safe_rl_baseline,7,100,-24.14,1.0,1.0,0,0.0,/vol/bitbucket/ma5923/_projects/CertifiedContinualLearning/outputs/_sweeps_2hidden_media_streaming_baselines_only/media_streaming/seed7/cpo/metrics.json
Media Streaming,media_streaming,PPO,ppo_policy,reference_baseline,8,100,0.0,0.06,0.06,94,9.57,/vol/bitbucket/ma5923/_projects/CertifiedContinualLearning/outputs/_sweeps_2hidden_media_streaming_baselines_only/media_streaming/seed8/ppo_policy/metrics.json
Media Streaming,media_streaming,PPO-Lagrangian,ppo_lagrangian,safe_rl_baseline,8,100,-3.53,1.0,1.0,0,0.0,/vol/bitbucket/ma5923/_projects/CertifiedContinualLearning/outputs/_sweeps_2hidden_media_streaming_baselines_only/media_streaming/seed8/ppo_lagrangian/metrics.json
Media Streaming,media_streaming,PPO-PID-Lagrangian,ppo_pid_lagrangian,safe_rl_baseline,8,100,-2.32,1.0,1.0,0,0.0,/vol/bitbucket/ma5923/_projects/CertifiedContinualLearning/outputs/_sweeps_2hidden_media_streaming_baselines_only/media_streaming/seed8/ppo_lagrangian/metrics.json
Media Streaming,media_streaming,CPO,cpo,safe_rl_baseline,8,100,-24.15,1.0,1.0,0,0.0,/vol/bitbucket/ma5923/_projects/CertifiedContinualLearning/outputs/_sweeps_2hidden_media_streaming_baselines_only/media_streaming/seed8/cpo/metrics.json
Media Streaming,media_streaming,PPO,ppo_policy,reference_baseline,9,100,-0.4,0.46,0.46,54,2.54,/vol/bitbucket/ma5923/_projects/CertifiedContinualLearning/outputs/_sweeps_2hidden_media_streaming_baselines_only/media_streaming/seed9/ppo_policy/metrics.json
Media Streaming,media_streaming,PPO-Lagrangian,ppo_lagrangian,safe_rl_baseline,9,100,-2.84,1.0,1.0,0,0.0,/vol/bitbucket/ma5923/_projects/CertifiedContinualLearning/outputs/_sweeps_2hidden_media_streaming_baselines_only/media_streaming/seed9/ppo_lagrangian/metrics.json
Media Streaming,media_streaming,PPO-PID-Lagrangian,ppo_pid_lagrangian,safe_rl_baseline,9,100,-5.1,1.0,1.0,0,0.0,/vol/bitbucket/ma5923/_projects/CertifiedContinualLearning/outputs/_sweeps_2hidden_media_streaming_baselines_only/media_streaming/seed9/ppo_lagrangian/metrics.json
Media Streaming,media_streaming,CPO,cpo,safe_rl_baseline,9,100,-24.14,1.0,1.0,0,0.0,/vol/bitbucket/ma5923/_projects/CertifiedContinualLearning/outputs/_sweeps_2hidden_media_streaming_baselines_only/media_streaming/seed9/cpo/metrics.json
MiniPacman,minipacman,PPO,ppo_policy,reference_baseline,0,100,0.87,0.16,0.87,84,423.03,/vol/bitbucket/ma5923/_projects/CertifiedContinualLearning/outputs/_sweeps_2hidden_minipacman_baselines_only/paper_2503_07671_minipacman/seed0/ppo_policy/metrics.json
MiniPacman,minipacman,PPO-Lagrangian,ppo_lagrangian,safe_rl_baseline,0,100,0.43,0.99,0.43,1,0.01,/vol/bitbucket/ma5923/_projects/CertifiedContinualLearning/outputs/_sweeps_2hidden_minipacman_baselines_only/paper_2503_07671_minipacman/seed0/ppo_lagrangian/metrics.json
MiniPacman,minipacman,PPO-PID-Lagrangian,ppo_pid_lagrangian,safe_rl_baseline,0,100,0.37,0.99,0.37,1,0.01,/vol/bitbucket/ma5923/_projects/CertifiedContinualLearning/outputs/_sweeps_2hidden_minipacman_baselines_only/paper_2503_07671_minipacman/seed0/ppo_lagrangian/metrics.json
MiniPacman,minipacman,CPO,cpo,safe_rl_baseline,0,100,0.0,1.0,0.0,0,0.0,/vol/bitbucket/ma5923/_projects/CertifiedContinualLearning/outputs/_sweeps_2hidden_minipacman_baselines_only/paper_2503_07671_minipacman/seed0/cpo/metrics.json
MiniPacman,minipacman,PPO-Shield,ppo_shield_shielded,safe_rl_baseline,0,100,0.95,1.0,0.95,0,0.0,/vol/bitbucket/ma5923/_projects/CertifiedContinualLearning/outputs/_sweeps_2hidden_minipacman_baselines_only/paper_2503_07671_minipacman/seed0/ppo_shield/metrics.json
MiniPacman,minipacman,PPO-Shield-Nominal,ppo_shield_nominal,reference_baseline,0,100,0.84,0.52,0.84,48,402.83,/vol/bitbucket/ma5923/_projects/CertifiedContinualLearning/outputs/_sweeps_2hidden_minipacman_baselines_only/paper_2503_07671_minipacman/seed0/ppo_shield/metrics.json
MiniPacman,minipacman,PPO,ppo_policy,reference_baseline,1,100,0.91,0.16,0.91,84,500.95,/vol/bitbucket/ma5923/_projects/CertifiedContinualLearning/outputs/_sweeps_2hidden_minipacman_baselines_only/paper_2503_07671_minipacman/seed1/ppo_policy/metrics.json
MiniPacman,minipacman,PPO-Lagrangian,ppo_lagrangian,safe_rl_baseline,1,100,0.51,1.0,0.51,0,0.0,/vol/bitbucket/ma5923/_projects/CertifiedContinualLearning/outputs/_sweeps_2hidden_minipacman_baselines_only/paper_2503_07671_minipacman/seed1/ppo_lagrangian/metrics.json
MiniPacman,minipacman,PPO-PID-Lagrangian,ppo_pid_lagrangian,safe_rl_baseline,1,100,0.56,1.0,0.56,0,0.0,/vol/bitbucket/ma5923/_projects/CertifiedContinualLearning/outputs/_sweeps_2hidden_minipacman_baselines_only/paper_2503_07671_minipacman/seed1/ppo_lagrangian/metrics.json
MiniPacman,minipacman,CPO,cpo,safe_rl_baseline,1,100,0.0,1.0,0.0,0,0.0,/vol/bitbucket/ma5923/_projects/CertifiedContinualLearning/outputs/_sweeps_2hidden_minipacman_baselines_only/paper_2503_07671_minipacman/seed1/cpo/metrics.json
MiniPacman,minipacman,PPO-Shield,ppo_shield_shielded,safe_rl_baseline,1,100,1.0,1.0,1.0,0,0.0,/vol/bitbucket/ma5923/_projects/CertifiedContinualLearning/outputs/_sweeps_2hidden_minipacman_baselines_only/paper_2503_07671_minipacman/seed1/ppo_shield/metrics.json
MiniPacman,minipacman,PPO-Shield-Nominal,ppo_shield_nominal,reference_baseline,1,100,0.82,0.44,0.82,56,237.57,/vol/bitbucket/ma5923/_projects/CertifiedContinualLearning/outputs/_sweeps_2hidden_minipacman_baselines_only/paper_2503_07671_minipacman/seed1/ppo_shield/metrics.json
MiniPacman,minipacman,PPO,ppo_policy,reference_baseline,2,100,0.97,0.24,0.97,76,270.25,/vol/bitbucket/ma5923/_projects/CertifiedContinualLearning/outputs/_sweeps_2hidden_minipacman_baselines_only/paper_2503_07671_minipacman/seed2/ppo_policy/metrics.json
MiniPacman,minipacman,PPO-Lagrangian,ppo_lagrangian,safe_rl_baseline,2,100,0.57,0.98,0.57,2,0.02,/vol/bitbucket/ma5923/_projects/CertifiedContinualLearning/outputs/_sweeps_2hidden_minipacman_baselines_only/paper_2503_07671_minipacman/seed2/ppo_lagrangian/metrics.json
MiniPacman,minipacman,PPO-PID-Lagrangian,ppo_pid_lagrangian,safe_rl_baseline,2,100,0.76,0.94,0.76,6,0.15,/vol/bitbucket/ma5923/_projects/CertifiedContinualLearning/outputs/_sweeps_2hidden_minipacman_baselines_only/paper_2503_07671_minipacman/seed2/ppo_lagrangian/metrics.json
MiniPacman,minipacman,CPO,cpo,safe_rl_baseline,2,100,0.0,1.0,0.0,0,0.0,/vol/bitbucket/ma5923/_projects/CertifiedContinualLearning/outputs/_sweeps_2hidden_minipacman_baselines_only/paper_2503_07671_minipacman/seed2/cpo/metrics.json
MiniPacman,minipacman,PPO-Shield,ppo_shield_shielded,safe_rl_baseline,2,100,0.93,1.0,0.93,0,0.0,/vol/bitbucket/ma5923/_projects/CertifiedContinualLearning/outputs/_sweeps_2hidden_minipacman_baselines_only/paper_2503_07671_minipacman/seed2/ppo_shield/metrics.json
MiniPacman,minipacman,PPO-Shield-Nominal,ppo_shield_nominal,reference_baseline,2,100,0.67,0.43,0.67,57,257.72,/vol/bitbucket/ma5923/_projects/CertifiedContinualLearning/outputs/_sweeps_2hidden_minipacman_baselines_only/paper_2503_07671_minipacman/seed2/ppo_shield/metrics.json
MiniPacman,minipacman,PPO,ppo_policy,reference_baseline,3,100,0.88,0.28,0.88,72,494.84,/vol/bitbucket/ma5923/_projects/CertifiedContinualLearning/outputs/_sweeps_2hidden_minipacman_baselines_only/paper_2503_07671_minipacman/seed3/ppo_policy/metrics.json
MiniPacman,minipacman,PPO-Lagrangian,ppo_lagrangian,safe_rl_baseline,3,100,0.75,0.92,0.75,8,9.05,/vol/bitbucket/ma5923/_projects/CertifiedContinualLearning/outputs/_sweeps_2hidden_minipacman_baselines_only/paper_2503_07671_minipacman/seed3/ppo_lagrangian/metrics.json
MiniPacman,minipacman,PPO-PID-Lagrangian,ppo_pid_lagrangian,safe_rl_baseline,3,100,0.61,0.98,0.61,2,0.02,/vol/bitbucket/ma5923/_projects/CertifiedContinualLearning/outputs/_sweeps_2hidden_minipacman_baselines_only/paper_2503_07671_minipacman/seed3/ppo_lagrangian/metrics.json
MiniPacman,minipacman,CPO,cpo,safe_rl_baseline,3,100,0.03,0.98,0.03,2,0.03,/vol/bitbucket/ma5923/_projects/CertifiedContinualLearning/outputs/_sweeps_2hidden_minipacman_baselines_only/paper_2503_07671_minipacman/seed3/cpo/metrics.json
MiniPacman,minipacman,PPO-Shield,ppo_shield_shielded,safe_rl_baseline,3,100,1.0,1.0,1.0,0,0.0,/vol/bitbucket/ma5923/_projects/CertifiedContinualLearning/outputs/_sweeps_2hidden_minipacman_baselines_only/paper_2503_07671_minipacman/seed3/ppo_shield/metrics.json
MiniPacman,minipacman,PPO-Shield-Nominal,ppo_shield_nominal,reference_baseline,3,100,0.74,0.55,0.74,45,231.64,/vol/bitbucket/ma5923/_projects/CertifiedContinualLearning/outputs/_sweeps_2hidden_minipacman_baselines_only/paper_2503_07671_minipacman/seed3/ppo_shield/metrics.json
MiniPacman,minipacman,PPO,ppo_policy,reference_baseline,4,100,0.96,0.47,0.96,53,133.95,/vol/bitbucket/ma5923/_projects/CertifiedContinualLearning/outputs/_sweeps_2hidden_minipacman_baselines_only/paper_2503_07671_minipacman/seed4/ppo_policy/metrics.json
MiniPacman,minipacman,PPO-Lagrangian,ppo_lagrangian,safe_rl_baseline,4,100,0.54,0.98,0.54,2,0.02,/vol/bitbucket/ma5923/_projects/CertifiedContinualLearning/outputs/_sweeps_2hidden_minipacman_baselines_only/paper_2503_07671_minipacman/seed4/ppo_lagrangian/metrics.json
MiniPacman,minipacman,PPO-PID-Lagrangian,ppo_pid_lagrangian,safe_rl_baseline,4,100,0.56,1.0,0.56,0,0.0,/vol/bitbucket/ma5923/_projects/CertifiedContinualLearning/outputs/_sweeps_2hidden_minipacman_baselines_only/paper_2503_07671_minipacman/seed4/ppo_lagrangian/metrics.json
MiniPacman,minipacman,CPO,cpo,safe_rl_baseline,4,100,0.0,1.0,0.0,0,0.0,/vol/bitbucket/ma5923/_projects/CertifiedContinualLearning/outputs/_sweeps_2hidden_minipacman_baselines_only/paper_2503_07671_minipacman/seed4/cpo/metrics.json
MiniPacman,minipacman,PPO-Shield,ppo_shield_shielded,safe_rl_baseline,4,100,0.73,1.0,0.73,0,0.0,/vol/bitbucket/ma5923/_projects/CertifiedContinualLearning/outputs/_sweeps_2hidden_minipacman_baselines_only/paper_2503_07671_minipacman/seed4/ppo_shield/metrics.json
MiniPacman,minipacman,PPO-Shield-Nominal,ppo_shield_nominal,reference_baseline,4,100,0.46,0.68,0.46,32,237.82,/vol/bitbucket/ma5923/_projects/CertifiedContinualLearning/outputs/_sweeps_2hidden_minipacman_baselines_only/paper_2503_07671_minipacman/seed4/ppo_shield/metrics.json
MiniPacman,minipacman,PPO,ppo_policy,reference_baseline,5,100,0.92,0.14,0.92,86,366.96,/vol/bitbucket/ma5923/_projects/CertifiedContinualLearning/outputs/_sweeps_2hidden_minipacman_baselines_only/paper_2503_07671_minipacman/seed5/ppo_policy/metrics.json
MiniPacman,minipacman,PPO-Lagrangian,ppo_lagrangian,safe_rl_baseline,5,100,0.74,0.94,0.74,6,0.15,/vol/bitbucket/ma5923/_projects/CertifiedContinualLearning/outputs/_sweeps_2hidden_minipacman_baselines_only/paper_2503_07671_minipacman/seed5/ppo_lagrangian/metrics.json
MiniPacman,minipacman,PPO-PID-Lagrangian,ppo_pid_lagrangian,safe_rl_baseline,5,100,0.56,1.0,0.56,0,0.0,/vol/bitbucket/ma5923/_projects/CertifiedContinualLearning/outputs/_sweeps_2hidden_minipacman_baselines_only/paper_2503_07671_minipacman/seed5/ppo_lagrangian/metrics.json
MiniPacman,minipacman,CPO,cpo,safe_rl_baseline,5,100,0.0,1.0,0.0,0,0.0,/vol/bitbucket/ma5923/_projects/CertifiedContinualLearning/outputs/_sweeps_2hidden_minipacman_baselines_only/paper_2503_07671_minipacman/seed5/cpo/metrics.json
MiniPacman,minipacman,PPO-Shield,ppo_shield_shielded,safe_rl_baseline,5,100,0.94,1.0,0.94,0,0.0,/vol/bitbucket/ma5923/_projects/CertifiedContinualLearning/outputs/_sweeps_2hidden_minipacman_baselines_only/paper_2503_07671_minipacman/seed5/ppo_shield/metrics.json
MiniPacman,minipacman,PPO-Shield-Nominal,ppo_shield_nominal,reference_baseline,5,100,0.78,0.47,0.78,53,362.51,/vol/bitbucket/ma5923/_projects/CertifiedContinualLearning/outputs/_sweeps_2hidden_minipacman_baselines_only/paper_2503_07671_minipacman/seed5/ppo_shield/metrics.json
MiniPacman,minipacman,PPO,ppo_policy,reference_baseline,6,100,0.84,0.13,0.84,87,443.67,/vol/bitbucket/ma5923/_projects/CertifiedContinualLearning/outputs/_sweeps_2hidden_minipacman_baselines_only/paper_2503_07671_minipacman/seed6/ppo_policy/metrics.json
MiniPacman,minipacman,PPO-Lagrangian,ppo_lagrangian,safe_rl_baseline,6,100,0.72,0.95,0.72,5,0.13,/vol/bitbucket/ma5923/_projects/CertifiedContinualLearning/outputs/_sweeps_2hidden_minipacman_baselines_only/paper_2503_07671_minipacman/seed6/ppo_lagrangian/metrics.json
MiniPacman,minipacman,PPO-PID-Lagrangian,ppo_pid_lagrangian,safe_rl_baseline,6,100,0.52,0.92,0.52,8,0.18,/vol/bitbucket/ma5923/_projects/CertifiedContinualLearning/outputs/_sweeps_2hidden_minipacman_baselines_only/paper_2503_07671_minipacman/seed6/ppo_lagrangian/metrics.json
MiniPacman,minipacman,CPO,cpo,safe_rl_baseline,6,100,0.0,1.0,0.0,0,0.0,/vol/bitbucket/ma5923/_projects/CertifiedContinualLearning/outputs/_sweeps_2hidden_minipacman_baselines_only/paper_2503_07671_minipacman/seed6/cpo/metrics.json
MiniPacman,minipacman,PPO-Shield,ppo_shield_shielded,safe_rl_baseline,6,100,0.96,1.0,0.96,0,0.0,/vol/bitbucket/ma5923/_projects/CertifiedContinualLearning/outputs/_sweeps_2hidden_minipacman_baselines_only/paper_2503_07671_minipacman/seed6/ppo_shield/metrics.json
MiniPacman,minipacman,PPO-Shield-Nominal,ppo_shield_nominal,reference_baseline,6,100,0.77,0.47,0.77,53,424.24,/vol/bitbucket/ma5923/_projects/CertifiedContinualLearning/outputs/_sweeps_2hidden_minipacman_baselines_only/paper_2503_07671_minipacman/seed6/ppo_shield/metrics.json
MiniPacman,minipacman,PPO,ppo_policy,reference_baseline,7,100,0.96,0.29,0.96,71,367.03,/vol/bitbucket/ma5923/_projects/CertifiedContinualLearning/outputs/_sweeps_2hidden_minipacman_baselines_only/paper_2503_07671_minipacman/seed7/ppo_policy/metrics.json
MiniPacman,minipacman,PPO-Lagrangian,ppo_lagrangian,safe_rl_baseline,7,100,0.48,1.0,0.48,0,0.0,/vol/bitbucket/ma5923/_projects/CertifiedContinualLearning/outputs/_sweeps_2hidden_minipacman_baselines_only/paper_2503_07671_minipacman/seed7/ppo_lagrangian/metrics.json
MiniPacman,minipacman,PPO-PID-Lagrangian,ppo_pid_lagrangian,safe_rl_baseline,7,100,0.46,1.0,0.46,0,0.0,/vol/bitbucket/ma5923/_projects/CertifiedContinualLearning/outputs/_sweeps_2hidden_minipacman_baselines_only/paper_2503_07671_minipacman/seed7/ppo_lagrangian/metrics.json
MiniPacman,minipacman,CPO,cpo,safe_rl_baseline,7,100,0.02,1.0,0.02,0,0.0,/vol/bitbucket/ma5923/_projects/CertifiedContinualLearning/outputs/_sweeps_2hidden_minipacman_baselines_only/paper_2503_07671_minipacman/seed7/cpo/metrics.json
MiniPacman,minipacman,PPO-Shield,ppo_shield_shielded,safe_rl_baseline,7,100,0.96,1.0,0.96,0,0.0,/vol/bitbucket/ma5923/_projects/CertifiedContinualLearning/outputs/_sweeps_2hidden_minipacman_baselines_only/paper_2503_07671_minipacman/seed7/ppo_shield/metrics.json
MiniPacman,minipacman,PPO-Shield-Nominal,ppo_shield_nominal,reference_baseline,7,100,0.77,0.37,0.77,63,267.82,/vol/bitbucket/ma5923/_projects/CertifiedContinualLearning/outputs/_sweeps_2hidden_minipacman_baselines_only/paper_2503_07671_minipacman/seed7/ppo_shield/metrics.json
MiniPacman,minipacman,PPO,ppo_policy,reference_baseline,8,100,1.0,0.19,1.0,81,349.54,/vol/bitbucket/ma5923/_projects/CertifiedContinualLearning/outputs/_sweeps_2hidden_minipacman_baselines_only/paper_2503_07671_minipacman/seed8/ppo_policy/metrics.json
MiniPacman,minipacman,PPO-Lagrangian,ppo_lagrangian,safe_rl_baseline,8,100,0.67,0.98,0.67,2,0.02,/vol/bitbucket/ma5923/_projects/CertifiedContinualLearning/outputs/_sweeps_2hidden_minipacman_baselines_only/paper_2503_07671_minipacman/seed8/ppo_lagrangian/metrics.json
MiniPacman,minipacman,PPO-PID-Lagrangian,ppo_pid_lagrangian,safe_rl_baseline,8,100,0.87,0.92,0.87,8,0.14,/vol/bitbucket/ma5923/_projects/CertifiedContinualLearning/outputs/_sweeps_2hidden_minipacman_baselines_only/paper_2503_07671_minipacman/seed8/ppo_lagrangian/metrics.json
MiniPacman,minipacman,CPO,cpo,safe_rl_baseline,8,100,0.0,1.0,0.0,0,0.0,/vol/bitbucket/ma5923/_projects/CertifiedContinualLearning/outputs/_sweeps_2hidden_minipacman_baselines_only/paper_2503_07671_minipacman/seed8/cpo/metrics.json
MiniPacman,minipacman,PPO-Shield,ppo_shield_shielded,safe_rl_baseline,8,100,1.0,1.0,1.0,0,0.0,/vol/bitbucket/ma5923/_projects/CertifiedContinualLearning/outputs/_sweeps_2hidden_minipacman_baselines_only/paper_2503_07671_minipacman/seed8/ppo_shield/metrics.json
MiniPacman,minipacman,PPO-Shield-Nominal,ppo_shield_nominal,reference_baseline,8,100,0.67,0.25,0.67,75,692.65,/vol/bitbucket/ma5923/_projects/CertifiedContinualLearning/outputs/_sweeps_2hidden_minipacman_baselines_only/paper_2503_07671_minipacman/seed8/ppo_shield/metrics.json
MiniPacman,minipacman,PPO,ppo_policy,reference_baseline,9,100,0.93,0.11,0.93,89,533.85,/vol/bitbucket/ma5923/_projects/CertifiedContinualLearning/outputs/_sweeps_2hidden_minipacman_baselines_only/paper_2503_07671_minipacman/seed9/ppo_policy/metrics.json
MiniPacman,minipacman,PPO-Lagrangian,ppo_lagrangian,safe_rl_baseline,9,100,0.51,0.98,0.51,2,8.97,/vol/bitbucket/ma5923/_projects/CertifiedContinualLearning/outputs/_sweeps_2hidden_minipacman_baselines_only/paper_2503_07671_minipacman/seed9/ppo_lagrangian/metrics.json
MiniPacman,minipacman,PPO-PID-Lagrangian,ppo_pid_lagrangian,safe_rl_baseline,9,100,0.57,1.0,0.57,0,0.0,/vol/bitbucket/ma5923/_projects/CertifiedContinualLearning/outputs/_sweeps_2hidden_minipacman_baselines_only/paper_2503_07671_minipacman/seed9/ppo_lagrangian/metrics.json
MiniPacman,minipacman,CPO,cpo,safe_rl_baseline,9,100,0.0,1.0,0.0,0,0.0,/vol/bitbucket/ma5923/_projects/CertifiedContinualLearning/outputs/_sweeps_2hidden_minipacman_baselines_only/paper_2503_07671_minipacman/seed9/cpo/metrics.json
MiniPacman,minipacman,PPO-Shield,ppo_shield_shielded,safe_rl_baseline,9,100,1.0,1.0,1.0,0,0.0,/vol/bitbucket/ma5923/_projects/CertifiedContinualLearning/outputs/_sweeps_2hidden_minipacman_baselines_only/paper_2503_07671_minipacman/seed9/ppo_shield/metrics.json
MiniPacman,minipacman,PPO-Shield-Nominal,ppo_shield_nominal,reference_baseline,9,100,0.83,0.31,0.83,69,567.6,/vol/bitbucket/ma5923/_projects/CertifiedContinualLearning/outputs/_sweeps_2hidden_minipacman_baselines_only/paper_2503_07671_minipacman/seed9/ppo_shield/metrics.json
